"","GOterm","ParentTerm","Factor","term","pvalue_Up","pvalue_Down"
"1","GO:0000019","DNA dealkylation involved in DNA repair","Up","regulation of mitotic recombination",0.0476513690523111,NA
"2","GO:0000022","Arp2/3 complex-mediated actin nucleation","Up","mitotic spindle elongation",0.00222006333609158,NA
"3","GO:0000027","ribosome biogenesis","Down","ribosomal large subunit assembly",NA,0.0137503413934544
"4","GO:0000028","ribosome biogenesis","Down","ribosomal small subunit assembly",NA,0.000424633376511508
"5","GO:0000070","mitotic cell cycle","Up","mitotic sister chromatid segregation",0.0402157571570222,NA
"6","GO:0000184","proteasome-mediated ubiquitin-dependent protein catabolic process","Down","nuclear-transcribed mRNA catabolic process, nonsense-mediated decay",NA,5.88494547791729e-08
"7","GO:0000278","mitotic cell cycle","Up","mitotic cell cycle",0.0432511550236284,NA
"8","GO:0000280","lysosome organization","Up","nuclear division",0.00261972010060558,NA
"9","GO:0000303","response to oxidative stress","Up","response to superoxide",0.0433505312502424,NA
"10","GO:0000305","response to oxidative stress","Up","response to oxygen radical",0.0255978088490684,NA
"11","GO:0000380","rRNA processing","Up","alternative mRNA splicing, via spliceosome",0.0329990579858987,NA
"12","GO:0000737","proteasome-mediated ubiquitin-dependent protein catabolic process","Down","DNA catabolic process, endonucleolytic",NA,0.044250294204511
"13","GO:0000819","mitotic cell cycle","Up","sister chromatid segregation",0.0159659446467221,NA
"14","GO:0000956","proteasome-mediated ubiquitin-dependent protein catabolic process","Down","nuclear-transcribed mRNA catabolic process",NA,1.18551466595736e-07
"15","GO:0001101","IRE1-mediated unfolded protein response","Up","response to acid chemical",0.00236755846458969,NA
"16","GO:0001510","rRNA processing","Up","RNA methylation",0.0348430860101294,NA
"17","GO:0001525","glial cell development","Up","angiogenesis",0.00530790060976772,NA
"18","GO:0001568","glial cell development","Up","blood vessel development",0.0049004142024669,NA
"19","GO:0001667","cell migration","Up","ameboidal-type cell migration",0.0498371109793897,NA
"20","GO:0001704","mesodermal cell fate specification","Up","formation of primary germ layer",0.0229834069719467,NA
"21","GO:0001710","mesodermal cell fate specification","Up","mesodermal cell fate commitment",0.0458714020283179,NA
"22","GO:0001763","mesodermal cell fate specification","Up","morphogenesis of a branching structure",0.0225093653825506,NA
"23","GO:0001934","positive regulation of proteasomal ubiquitin-dependent protein catabolic process","Up","positive regulation of protein phosphorylation",0.0350543518883331,NA
"24","GO:0001944","glial cell development","Up","vasculature development",0.00661855147499979,NA
"25","GO:0002009","morphogenesis of an epithelium","Up","morphogenesis of an epithelium",0.0114528313617826,NA
"26","GO:0002181","translation","Down","cytoplasmic translation",NA,8.29529419115557e-15
"27","GO:0002218","immune system process","Up","activation of innate immune response",0.0329441809449811,NA
"28","GO:0002253","immune system process","Up","activation of immune response",0.00683697872146086,NA
"29","GO:0002376","immune system process","Up","immune system process",0.0151276942968108,NA
"30","GO:0002495","immune system process","Up","antigen processing and presentation of peptide antigen via MHC class II",0.00234498820038481,NA
"31","GO:0002504","immune system process","Up","antigen processing and presentation of peptide or polysaccharide antigen via MHC class II",0.00234498820038481,NA
"32","GO:0002682","immune system process","Up","regulation of immune system process",0.00357184894885811,NA
"33","GO:0002684","immune system process","Up","positive regulation of immune system process",0.0049033219484294,NA
"34","GO:0002696","regulation of neurogenesis","Up","positive regulation of leukocyte activation",0.00675337938937282,NA
"35","GO:0002697","immune system process","Up","regulation of immune effector process",0.0328088712304051,NA
"36","GO:0002702","immune system process","Up","positive regulation of production of molecular mediator of immune response",0.00907256302496836,NA
"37","GO:0002757","immune system process","Up","immune response-activating signaling pathway",0.0106284590971765,NA
"38","GO:0002764","immune system process","Up","immune response-regulating signaling pathway",0.0193708913317326,NA
"39","GO:0002831","positive regulation of axon regeneration","Up","regulation of response to biotic stimulus",0.0267552593541298,NA
"40","GO:0006004","fucose metabolic process","Up","fucose metabolic process",0.0192526620567778,NA
"41","GO:0006081","cellular aldehyde metabolic process","Down","cellular aldehyde metabolic process",NA,0.0481007541434642
"42","GO:0006082","organic acid metabolic process","Down, Up","organic acid metabolic process",0.0104881374802643,0.0262444441936382
"43","GO:0006091","mitochondrial electron transport, NADH to ubiquinone","Down","generation of precursor metabolites and energy",NA,0.000117511020657424
"44","GO:0006119","mitochondrial electron transport, NADH to ubiquinone","Down","oxidative phosphorylation",NA,3.85881222525334e-05
"45","GO:0006120","mitochondrial electron transport, NADH to ubiquinone","Down","mitochondrial electron transport, NADH to ubiquinone",NA,0.00370280753098544
"46","GO:0006122","mitochondrial electron transport, NADH to ubiquinone","Down","mitochondrial electron transport, ubiquinol to cytochrome c",NA,0.00449912633325116
"47","GO:0006139","metabolic process","Down","nucleobase-containing compound metabolic process",NA,5.47623052681485e-05
"48","GO:0006163","purine nucleotide biosynthetic process","Down","purine nucleotide metabolic process",NA,0.000222449790211745
"49","GO:0006164","purine nucleotide biosynthetic process","Down","purine nucleotide biosynthetic process",NA,0.0388110999752812
"50","GO:0006220","ATP biosynthetic process","Up","pyrimidine nucleotide metabolic process",0.0340983091828682,NA
"51","GO:0006304","DNA dealkylation involved in DNA repair","Up","DNA modification",0.000844071455793245,NA
"52","GO:0006305","DNA dealkylation involved in DNA repair","Up","DNA alkylation",0.0148986675595356,NA
"53","GO:0006306","DNA dealkylation involved in DNA repair","Up","DNA methylation",0.0148986675595356,NA
"54","GO:0006307","DNA dealkylation involved in DNA repair","Up","DNA dealkylation involved in DNA repair",0.0449510803114221,NA
"55","GO:0006308","proteasome-mediated ubiquitin-dependent protein catabolic process","Down","DNA catabolic process",NA,0.0209599309326499
"56","GO:0006351","biosynthetic process","Down","DNA-templated transcription",NA,0.0072651961793335
"57","GO:0006352","biosynthetic process","Down","DNA-templated transcription initiation",NA,0.0116897183365458
"58","GO:0006364","rRNA processing","Down","rRNA processing",NA,0.00746060461976274
"59","GO:0006366","biosynthetic process","Down","transcription by RNA polymerase II",NA,0.0217846142019845
"60","GO:0006367","biosynthetic process","Down","transcription initiation at RNA polymerase II promoter",NA,0.0457638686706879
"61","GO:0006401","proteasome-mediated ubiquitin-dependent protein catabolic process","Down","RNA catabolic process",NA,8.02949692068064e-07
"62","GO:0006402","proteasome-mediated ubiquitin-dependent protein catabolic process","Down","mRNA catabolic process",NA,2.64787409445974e-07
"63","GO:0006403","protein transport","Up","RNA localization",0.0344012253882502,NA
"64","GO:0006412","translation","Down","translation",NA,3.09610859768351e-13
"65","GO:0006413","translation","Down","translational initiation",NA,1.06354871155608e-08
"66","GO:0006414","translation","Down","translational elongation",NA,0.0121978795576602
"67","GO:0006457","protein folding","Up","protein folding",0.00574515079315389,NA
"68","GO:0006468","protein phosphorylation","Up","protein phosphorylation",0.00624102157478872,NA
"69","GO:0006469","regulation of catalytic activity","Up","negative regulation of protein kinase activity",0.046841494907296,NA
"70","GO:0006473","peptidyl-serine phosphorylation","Down","protein acetylation",NA,0.00455402872577867
"71","GO:0006475","peptidyl-serine phosphorylation","Down","internal protein amino acid acetylation",NA,0.00758774778313394
"72","GO:0006518","translation","Down","peptide metabolic process",NA,7.54393720806737e-12
"73","GO:0006520","organic acid metabolic process","Down","amino acid metabolic process",NA,0.00184495854329967
"74","GO:0006541","organic acid metabolic process","Down","glutamine metabolic process",NA,0.0496519010396101
"75","GO:0006575","protein metabolic process","Down","cellular modified amino acid metabolic process",NA,0.02462281886062
"76","GO:0006582","melanin metabolic process","Up","melanin metabolic process",0.0119701556454159,NA
"77","GO:0006605","protein transport","Down","protein targeting",NA,3.21665111504381e-05
"78","GO:0006612","protein transport","Down","protein targeting to membrane",NA,6.68314167168897e-11
"79","GO:0006613","protein transport","Down","cotranslational protein targeting to membrane",NA,2.27302572746092e-12
"80","GO:0006614","protein transport","Down","SRP-dependent cotranslational protein targeting to membrane",NA,2.4636487380289e-13
"81","GO:0006627","protein processing involved in protein targeting to mitochondrion","Down","protein processing involved in protein targeting to mitochondrion",NA,0.0299996216988987
"82","GO:0006629","lipid metabolic process","Up","lipid metabolic process",0.0283220623510129,NA
"83","GO:0006656","ATP biosynthetic process","Down","phosphatidylcholine biosynthetic process",NA,0.0339699419661914
"84","GO:0006706","lipid metabolic process","Down","steroid catabolic process",NA,0.0480315404813558
"85","GO:0006725","metabolic process","Down","cellular aromatic compound metabolic process",NA,0.000149244236243037
"86","GO:0006734","purine nucleotide biosynthetic process","Down","NADH metabolic process",NA,0.00126951737336111
"87","GO:0006735","NADH regeneration","Down","NADH regeneration",NA,0.0277581072683561
"88","GO:0006753","organic acid metabolic process","Down","nucleoside phosphate metabolic process",NA,0.000460210963439684
"89","GO:0006754","ATP biosynthetic process","Down","ATP biosynthetic process",NA,0.0371368811507152
"90","GO:0006793","protein phosphorylation","Up","phosphorus metabolic process",0.0163372131377809,NA
"91","GO:0006796","protein phosphorylation","Up","phosphate-containing compound metabolic process",0.0351172218579136,NA
"92","GO:0006807","metabolic process","Down","nitrogen compound metabolic process",NA,8.08160120643894e-07
"93","GO:0006810","intracellular transport","Up","transport",0.0270534432387226,NA
"94","GO:0006886","protein transport","Down","intracellular protein transport",NA,0.00630416440542182
"95","GO:0006888","vesicle-mediated transport","Up","endoplasmic reticulum to Golgi vesicle-mediated transport",0.0463851827286252,NA
"96","GO:0006890","vesicle-mediated transport","Up","retrograde vesicle-mediated transport, Golgi to endoplasmic reticulum",0.0133992464492526,NA
"97","GO:0006897","vesicle-mediated transport","Up","endocytosis",0.0213114722998277,NA
"98","GO:0006898","vesicle-mediated transport","Up","receptor-mediated endocytosis",0.0279931448446925,NA
"99","GO:0006909","vesicle-mediated transport","Up","phagocytosis",0.00659282049351883,NA
"100","GO:0006950","response to stimulus","Up","response to stress",0.00744908996701185,NA
"101","GO:0006959","immune system process","Down","humoral immune response",NA,0.0223799595453344
"102","GO:0006972","response to heat","Up","hyperosmotic response",0.0159884616651021,NA
"103","GO:0006979","response to oxidative stress","Up","response to oxidative stress",0.0472475166360578,NA
"104","GO:0006986","IRE1-mediated unfolded protein response","Up","response to unfolded protein",0.0116707631238504,NA
"105","GO:0007021","mitochondrial respiratory chain complex I assembly","Down","tubulin complex assembly",NA,0.0324375778511656
"106","GO:0007030","Golgi organization","Up","Golgi organization",0.0237486022673918,NA
"107","GO:0007040","lysosome organization","Up","lysosome organization",0.0417161670744289,NA
"108","GO:0007041","protein processing involved in protein targeting to mitochondrion","Up","lysosomal transport",0.0257133640767972,NA
"109","GO:0007051","Arp2/3 complex-mediated actin nucleation","Up","spindle organization",0.00860391835509955,NA
"110","GO:0007052","Arp2/3 complex-mediated actin nucleation","Up","mitotic spindle organization",0.000361134426894149,NA
"111","GO:0007059","mitotic cell cycle","Up","chromosome segregation",0.00433869516171585,NA
"112","GO:0007079","lysosome localization","Up","mitotic chromosome movement towards spindle pole",0.0476513690523111,NA
"113","GO:0007088","lysosome organization","Up","regulation of mitotic nuclear division",0.0118497277317978,NA
"114","GO:0007127","regulation of oviposition","Up","meiosis I",0.00767794392691808,NA
"115","GO:0007140","regulation of oviposition","Up","male meiotic nuclear division",0.0349704364871226,NA
"116","GO:0007154","cell communication","Up","cell communication",0.00947428242830217,NA
"117","GO:0007165","signal transduction","Up","signal transduction",0.00354620225593687,NA
"118","GO:0007166","signal transduction","Up","cell surface receptor signaling pathway",0.0292433231418745,NA
"119","GO:0007275","cell differentiation","Up","multicellular organism development",0.00917268474547027,NA
"120","GO:0007276","regulation of oviposition","Up","gamete generation",0.0158098886799409,NA
"121","GO:0007399","nervous system development","Up","nervous system development",0.0231727443513556,NA
"122","GO:0007492","morphogenesis of an epithelium","Up","endoderm development",0.0143611933133114,NA
"123","GO:0007501","mesodermal cell fate specification","Up","mesodermal cell fate specification",0.03772384948156,NA
"124","GO:0007549","dosage compensation","Up","dosage compensation",0.0204153894943663,NA
"125","GO:0008104","protein transport","Up","protein localization",0.0320582553333826,NA
"126","GO:0008152","metabolic process","Down","metabolic process",NA,2.61458540922628e-05
"127","GO:0008209","lipid metabolic process","Down","androgen metabolic process",NA,0.0312691951276931
"128","GO:0008283","cell population proliferation","Up","cell population proliferation",0.00418297630795379,NA
"129","GO:0008354","cell migration","Up","germ cell migration",0.0348849779816963,NA
"130","GO:0008356","cell division","Up","asymmetric cell division",0.0321081099441113,NA
"131","GO:0008361","stabilization of membrane potential","Up","regulation of cell size",0.0484191937071455,NA
"132","GO:0008582","regulation of synaptic assembly at neuromuscular junction","Up","regulation of synaptic assembly at neuromuscular junction",0.0394634114634723,NA
"133","GO:0008592","negative regulation of signal transduction","Up","regulation of Toll signaling pathway",0.0398564280282047,NA
"134","GO:0008608","mitotic cell cycle","Up","attachment of spindle microtubules to kinetochore",0.034067398013557,NA
"135","GO:0008652","organic acid metabolic process","Down","amino acid biosynthetic process",NA,0.0498343276977137
"136","GO:0009048","dosage compensation","Up","dosage compensation by inactivation of X chromosome",0.0422227075296971,NA
"137","GO:0009052","purine nucleotide biosynthetic process","Down","pentose-phosphate shunt, non-oxidative branch",NA,0.0308699638703974
"138","GO:0009056","proteasome-mediated ubiquitin-dependent protein catabolic process","Down","catabolic process",NA,0.000284877261993095
"139","GO:0009057","proteasome-mediated ubiquitin-dependent protein catabolic process","Down","macromolecule catabolic process",NA,3.51185258001552e-05
"140","GO:0009058","biosynthetic process","Down","biosynthetic process",NA,1.82788121915075e-08
"141","GO:0009059","biosynthetic process","Down","macromolecule biosynthetic process",NA,5.3471370043904e-10
"142","GO:0009060","mitochondrial electron transport, NADH to ubiquinone","Down","aerobic respiration",NA,0.0307504687919663
"143","GO:0009063","proteasome-mediated ubiquitin-dependent protein catabolic process","Down","amino acid catabolic process",NA,0.0463335828971814
"144","GO:0009117","organic acid metabolic process","Down","nucleotide metabolic process",NA,0.000466954222419845
"145","GO:0009123","ATP biosynthetic process","Down","nucleoside monophosphate metabolic process",NA,0.000208812311181427
"146","GO:0009124","ATP biosynthetic process","Down","nucleoside monophosphate biosynthetic process",NA,0.0201960808214974
"147","GO:0009126","ATP biosynthetic process","Down","purine nucleoside monophosphate metabolic process",NA,0.000260198574886708
"148","GO:0009127","ATP biosynthetic process","Down","purine nucleoside monophosphate biosynthetic process",NA,0.00932668759866392
"149","GO:0009141","ATP biosynthetic process","Down","nucleoside triphosphate metabolic process",NA,0.000422594230046351
"150","GO:0009142","ATP biosynthetic process","Down","nucleoside triphosphate biosynthetic process",NA,0.0399427086231671
"151","GO:0009144","ATP biosynthetic process","Down","purine nucleoside triphosphate metabolic process",NA,0.000688091592481385
"152","GO:0009150","ATP biosynthetic process","Down","purine ribonucleotide metabolic process",NA,0.00062622036972085
"153","GO:0009152","purine nucleotide biosynthetic process","Down","purine ribonucleotide biosynthetic process",NA,0.046470082123718
"154","GO:0009156","ATP biosynthetic process","Down","ribonucleoside monophosphate biosynthetic process",NA,0.017035554688098
"155","GO:0009161","ATP biosynthetic process","Down","ribonucleoside monophosphate metabolic process",NA,0.000292559901373924
"156","GO:0009163","chondroitin sulfate biosynthetic process","Up","nucleoside biosynthetic process",0.0256192275018979,NA
"157","GO:0009166","proteasome-mediated ubiquitin-dependent protein catabolic process","Down","nucleotide catabolic process",NA,0.0168986967030218
"158","GO:0009167","ATP biosynthetic process","Down","purine ribonucleoside monophosphate metabolic process",NA,0.000260198574886708
"159","GO:0009168","ATP biosynthetic process","Down","purine ribonucleoside monophosphate biosynthetic process",NA,0.00932668759866392
"160","GO:0009199","ATP biosynthetic process","Down","ribonucleoside triphosphate metabolic process",NA,0.002880620542195
"161","GO:0009200","ATP biosynthetic process","Down","deoxyribonucleoside triphosphate metabolic process",NA,0.0182977144524985
"162","GO:0009205","ATP biosynthetic process","Down","purine ribonucleoside triphosphate metabolic process",NA,0.0015733543787121
"163","GO:0009208","ATP biosynthetic process","Up","pyrimidine ribonucleoside triphosphate metabolic process",0.0433981765121188,NA
"164","GO:0009209","ATP biosynthetic process","Up","pyrimidine ribonucleoside triphosphate biosynthetic process",0.0433981765121188,NA
"165","GO:0009218","ATP biosynthetic process","Up","pyrimidine ribonucleotide metabolic process",0.0100669291356961,NA
"166","GO:0009220","ATP biosynthetic process","Up","pyrimidine ribonucleotide biosynthetic process",0.00934608533668728,NA
"167","GO:0009225","organic acid metabolic process","Up","nucleotide-sugar metabolic process",0.0145188272139216,NA
"168","GO:0009226","organic acid metabolic process","Up","nucleotide-sugar biosynthetic process",0.010356049013159,NA
"169","GO:0009259","ATP biosynthetic process","Down","ribonucleotide metabolic process",NA,0.00109529200973065
"170","GO:0009266","response to heat","Up","response to temperature stimulus",0.00153090895143146,NA
"171","GO:0009313","fucose metabolic process","Up","oligosaccharide catabolic process",0.0460169089774108,NA
"172","GO:0009314","response to heat","Up","response to radiation",0.0252073809289578,NA
"173","GO:0009408","response to heat","Up","response to heat",0.00205166790268151,NA
"174","GO:0009411","response to heat","Up","response to UV",0.0105946274201279,NA
"175","GO:0009451","rRNA processing","Up","RNA modification",0.0185921879925664,NA
"176","GO:0009452","rRNA processing","Up","7-methylguanosine RNA capping",0.0379383674789684,NA
"177","GO:0009628","response to heat","Up","response to abiotic stimulus",0.00105181187946718,NA
"178","GO:0009719","cellular response to growth factor stimulus","Up","response to endogenous stimulus",0.0058707369402573,NA
"179","GO:0009838","abscission","Up","abscission",0.0101734340145221,NA
"180","GO:0009889","regulation of macromolecule metabolic process","Up","regulation of biosynthetic process",0.00641091826665791,NA
"181","GO:0009890","negative regulation of biosynthetic process","Up","negative regulation of biosynthetic process",0.00454682960637014,NA
"182","GO:0009893","regulation of macromolecule metabolic process","Up","positive regulation of metabolic process",0.0065130688196499,NA
"183","GO:0009894","proteasome-mediated ubiquitin-dependent protein catabolic process","Up","regulation of catabolic process",0.0166470269660093,NA
"184","GO:0009896","proteasome-mediated ubiquitin-dependent protein catabolic process","Up","positive regulation of catabolic process",0.0254700889604295,NA
"185","GO:0009953","P granule assembly","Up","dorsal/ventral pattern formation",0.030659770693507,NA
"186","GO:0009966","negative regulation of canonical Wnt signaling pathway","Up","regulation of signal transduction",0.00081584376247948,NA
"187","GO:0009967","positive regulation of axon regeneration","Up","positive regulation of signal transduction",0.0295904366486633,NA
"188","GO:0009968","negative regulation of signal transduction","Up","negative regulation of signal transduction",0.0358789731158669,NA
"189","GO:0009987","cellular process","Down, Up","cellular process",0.000272189436508723,0.0366813600368379
"190","GO:0010001","glial cell development","Up","glial cell differentiation",0.0383175002647384,NA
"191","GO:0010033","IRE1-mediated unfolded protein response","Up","response to organic substance",0.00301875836671306,NA
"192","GO:0010212","response to heat","Up","response to ionizing radiation",0.0470675733513164,NA
"193","GO:0010257","mitochondrial respiratory chain complex I assembly","Down","NADH dehydrogenase complex assembly",NA,0.00742317364652191
"194","GO:0010324","cellular component organization","Up","membrane invagination",0.0181058488997557,NA
"195","GO:0010467","metabolic process","Down","gene expression",NA,1.00261798871378e-06
"196","GO:0010512","lipid metabolic process","Up","negative regulation of phosphatidylinositol biosynthetic process",0.022023548767238,NA
"197","GO:0010556","regulation of macromolecule metabolic process","Up","regulation of macromolecule biosynthetic process",0.015204146536864,NA
"198","GO:0010558","negative regulation of biosynthetic process","Up","negative regulation of macromolecule biosynthetic process",0.0100127070666162,NA
"199","GO:0010564","mitotic cell cycle","Up","regulation of cell cycle process",0.0177152259582556,NA
"200","GO:0010604","regulation of macromolecule metabolic process","Up","positive regulation of macromolecule metabolic process",0.0054715936014256,NA
"201","GO:0010631","epithelial cell migration","Up","epithelial cell migration",0.035709884822289,NA
"202","GO:0010638","regulation of synaptic assembly at neuromuscular junction","Up","positive regulation of organelle organization",0.0224616290334753,NA
"203","GO:0010646","negative regulation of signal transduction","Up","regulation of cell communication",0.00358827118315012,NA
"204","GO:0010648","negative regulation of signal transduction","Up","negative regulation of cell communication",0.0452566599905382,NA
"205","GO:0010720","regulation of neuron differentiation","Up","positive regulation of cell development",0.00952506738934808,NA
"206","GO:0010770","regulation of neuron differentiation","Up","positive regulation of cell morphogenesis involved in differentiation",0.00868842879331393,NA
"207","GO:0010824","Arp2/3 complex-mediated actin nucleation","Up","regulation of centrosome duplication",0.0378312226159741,NA
"208","GO:0010876","protein transport","Up","lipid localization",0.0300297058631154,NA
"209","GO:0010975","regulation of dendrite morphogenesis","Up","regulation of neuron projection development",0.000660405763097042,NA
"210","GO:0010976","regulation of dendrite morphogenesis","Up","positive regulation of neuron projection development",7.0246224731731e-05,NA
"211","GO:0010977","regulation of synaptic assembly at neuromuscular junction","Up","negative regulation of neuron projection development",0.044560845999295,NA
"212","GO:0014902","sarcomere organization","Down","myotube differentiation",NA,0.0189602344329156
"213","GO:0015031","protein transport","Down","protein transport",NA,0.0169022627592283
"214","GO:0015833","peptide transport","Down","peptide transport",NA,0.020749531113479
"215","GO:0015980","mitochondrial electron transport, NADH to ubiquinone","Down","energy derivation by oxidation of organic compounds",NA,0.00135570212340726
"216","GO:0016032","viral budding","Up","viral process",0.00132452063907766,NA
"217","GO:0016043","cellular component organization","Up","cellular component organization",0.00110602521213073,NA
"218","GO:0016070","metabolic process","Down","RNA metabolic process",NA,0.000274808176983598
"219","GO:0016071","rRNA processing","Down","mRNA metabolic process",NA,0.0097125034080869
"220","GO:0016072","rRNA processing","Down","rRNA metabolic process",NA,0.00999684399937437
"221","GO:0016192","vesicle-mediated transport","Up","vesicle-mediated transport",0.00985295106097095,NA
"222","GO:0016197","vesicle-mediated transport","Up","endosomal transport",0.0043337988816682,NA
"223","GO:0016310","protein phosphorylation","Up","phosphorylation",0.0461565373806409,NA
"224","GO:0016477","cell migration","Up","cell migration",0.00443515743243051,NA
"225","GO:0016482","protein processing involved in protein targeting to mitochondrion","Up","cytosolic transport",0.0201229129871448,NA
"226","GO:0016573","peptidyl-serine phosphorylation","Down","histone acetylation",NA,0.00916733878539157
"227","GO:0017145","cell division","Up","stem cell division",0.0461456564007397,NA
"228","GO:0017158","regulation of calcium ion-dependent exocytosis","Down","regulation of calcium ion-dependent exocytosis",NA,0.0317864884484654
"229","GO:0018023","peptidyl-serine phosphorylation","Down","peptidyl-lysine trimethylation",NA,0.0391196166328775
"230","GO:0018105","peptidyl-serine phosphorylation","Up","peptidyl-serine phosphorylation",0.0187021727803831,NA
"231","GO:0018107","peptidyl-serine phosphorylation","Up","peptidyl-threonine phosphorylation",0.000829622033454838,NA
"232","GO:0018130","biosynthetic process","Down","heterocycle biosynthetic process",NA,0.0166220330283403
"233","GO:0018200","peptidyl-serine phosphorylation","Down","peptidyl-glutamic acid modification",NA,0.00860408020327085
"234","GO:0018205","peptidyl-serine phosphorylation","Down","peptidyl-lysine modification",NA,0.00354371667954546
"235","GO:0018210","peptidyl-serine phosphorylation","Up","peptidyl-threonine modification",0.00244179761009228,NA
"236","GO:0018393","peptidyl-serine phosphorylation","Down","internal peptidyl-lysine acetylation",NA,0.0117766807917356
"237","GO:0018394","peptidyl-serine phosphorylation","Down","peptidyl-lysine acetylation",NA,0.00783614646690621
"238","GO:0019058","viral budding","Up","viral life cycle",0.000354472499454488,NA
"239","GO:0019068","viral budding","Up","virion assembly",0.00476904226810985,NA
"240","GO:0019216","lipid metabolic process","Up","regulation of lipid metabolic process",0.00720256173446316,NA
"241","GO:0019218","lipid metabolic process","Up","regulation of steroid metabolic process",0.0345658932464591,NA
"242","GO:0019219","regulation of macromolecule metabolic process","Up","regulation of nucleobase-containing compound metabolic process",0.0186076704626151,NA
"243","GO:0019221","IRE1-mediated unfolded protein response","Up","cytokine-mediated signaling pathway",0.0143123850538587,NA
"244","GO:0019222","regulation of macromolecule metabolic process","Up","regulation of metabolic process",0.00145674200997825,NA
"245","GO:0019233","sensory perception of pain","Down","sensory perception of pain",NA,0.0195308078554131
"246","GO:0019438","biosynthetic process","Down","aromatic compound biosynthetic process",NA,0.0172623769759945
"247","GO:0019439","proteasome-mediated ubiquitin-dependent protein catabolic process","Down","aromatic compound catabolic process",NA,3.9301332416284e-10
"248","GO:0019538","protein metabolic process","Down","protein metabolic process",NA,1.30365145168003e-05
"249","GO:0019637","ATP biosynthetic process","Down","organophosphate metabolic process",NA,0.0197219400267755
"250","GO:0019674","purine nucleotide biosynthetic process","Down","NAD metabolic process",NA,0.0122484963390014
"251","GO:0019693","ATP biosynthetic process","Down","ribose phosphate metabolic process",NA,0.000715585748696104
"252","GO:0019730","immune system process","Down","antimicrobial humoral response",NA,0.0331555048197277
"253","GO:0019752","organic acid metabolic process","Down, Up","carboxylic acid metabolic process",0.0346678603170502,0.0220791632859025
"254","GO:0019827","stem cell population maintenance","Up","stem cell population maintenance",0.0127514000941036,NA
"255","GO:0019882","immune system process","Up","antigen processing and presentation",0.00162101535996364,NA
"256","GO:0019953","regulation of oviposition","Up","sexual reproduction",0.0290505102666977,NA
"257","GO:0021782","glial cell development","Up","glial cell development",0.0212099943663601,NA
"258","GO:0022008","nervous system development","Up","neurogenesis",0.00630892994298387,NA
"259","GO:0022407","substrate adhesion-dependent cell spreading","Up","regulation of cell-cell adhesion",0.0257969265646601,NA
"260","GO:0022409","substrate adhesion-dependent cell spreading","Up","positive regulation of cell-cell adhesion",0.0283666056916335,NA
"261","GO:0022412","regulation of oviposition","Up","cellular process involved in reproduction in multicellular organism",0.0168024758208414,NA
"262","GO:0022613","ribosome biogenesis","Down","ribonucleoprotein complex biogenesis",NA,0.000657917237847833
"263","GO:0022618","mitochondrial respiratory chain complex I assembly","Down","ribonucleoprotein complex assembly",NA,0.00440074399325209
"264","GO:0022900","mitochondrial electron transport, NADH to ubiquinone","Down","electron transport chain",NA,9.45058977265517e-05
"265","GO:0022904","mitochondrial electron transport, NADH to ubiquinone","Down","respiratory electron transport chain",NA,0.000127860684083885
"266","GO:0023051","negative regulation of canonical Wnt signaling pathway","Up","regulation of signaling",0.00281770236874621,NA
"267","GO:0023052","signal transduction","Up","signaling",0.00975027839887685,NA
"268","GO:0023058","negative regulation of canonical Wnt signaling pathway","Down","adaptation of signaling pathway",NA,0.0226362438650484
"269","GO:0030010","establishment of cell polarity","Up","establishment of cell polarity",0.027178288863958,NA
"270","GO:0030097","hemopoiesis","Up","hemopoiesis",0.0418429001633204,NA
"271","GO:0030154","cell differentiation","Up","cell differentiation",0.00510335581034861,NA
"272","GO:0030178","negative regulation of canonical Wnt signaling pathway","Up","negative regulation of Wnt signaling pathway",0.0224429271789761,NA
"273","GO:0030193","regulation of neurogenesis","Up","regulation of blood coagulation",0.0108310938255707,NA
"274","GO:0030194","positive regulation of axon regeneration","Up","positive regulation of blood coagulation",0.0178275604535223,NA
"275","GO:0030206","chondroitin sulfate biosynthetic process","Up","chondroitin sulfate biosynthetic process",0.019585035244359,NA
"276","GO:0030299","intestinal cholesterol absorption","Up","intestinal cholesterol absorption",0.0178615698195036,NA
"277","GO:0030307","positive regulation of cell growth","Up","positive regulation of cell growth",0.00804823519276182,NA
"278","GO:0030322","stabilization of membrane potential","Down","stabilization of membrane potential",NA,0.0298861658542826
"279","GO:0030388","chondroitin sulfate biosynthetic process","Down","fructose 1,6-bisphosphate metabolic process",NA,0.0350574854426995
"280","GO:0030422","rRNA processing","Down","siRNA processing",NA,0.0109289928057487
"281","GO:0030510","negative regulation of canonical Wnt signaling pathway","Up","regulation of BMP signaling pathway",0.0384717283108082,NA
"282","GO:0030538","mesodermal cell fate specification","Up","embryonic genitalia morphogenesis",0.0471524765616731,NA
"283","GO:0030575","nuclear body organization","Up","nuclear body organization",0.0425760398152031,NA
"284","GO:0030808","ATP biosynthetic process","Down","regulation of nucleotide biosynthetic process",NA,0.027540737475079
"285","GO:0030950","establishment of cell polarity","Up","establishment or maintenance of actin cytoskeleton polarity",0.0167576283783882,NA
"286","GO:0030952","establishment of cell polarity","Up","establishment or maintenance of cytoskeleton polarity",0.0473408880394428,NA
"287","GO:0030968","IRE1-mediated unfolded protein response","Up","endoplasmic reticulum unfolded protein response",0.0406195668336815,NA
"288","GO:0031323","regulation of macromolecule metabolic process","Up","regulation of cellular metabolic process",0.000391102614226023,NA
"289","GO:0031324","negative regulation of biosynthetic process","Up","negative regulation of cellular metabolic process",0.00635066943499133,NA
"290","GO:0031325","regulation of macromolecule metabolic process","Up","positive regulation of cellular metabolic process",0.00783448582725136,NA
"291","GO:0031326","regulation of macromolecule metabolic process","Up","regulation of cellular biosynthetic process",0.00643598661668217,NA
"292","GO:0031327","negative regulation of biosynthetic process","Up","negative regulation of cellular biosynthetic process",0.00555490254097007,NA
"293","GO:0031328","regulation of macromolecule metabolic process","Up","positive regulation of cellular biosynthetic process",0.0414350498191636,NA
"294","GO:0031344","regulation of dendrite morphogenesis","Up","regulation of cell projection organization",0.00330190775580661,NA
"295","GO:0031345","regulation of synaptic assembly at neuromuscular junction","Up","negative regulation of cell projection organization",0.0180438988279012,NA
"296","GO:0031346","regulation of dendrite morphogenesis","Up","positive regulation of cell projection organization",7.03640122978717e-05,NA
"297","GO:0031347","positive regulation of axon regeneration","Up","regulation of defense response",0.027347591199565,NA
"298","GO:0031399","positive regulation of proteasomal ubiquitin-dependent protein catabolic process","Up","regulation of protein modification process",0.00389784290902006,NA
"299","GO:0031401","positive regulation of proteasomal ubiquitin-dependent protein catabolic process","Up","positive regulation of protein modification process",0.00438687024431953,NA
"300","GO:0031589","substrate adhesion-dependent cell spreading","Up","cell-substrate adhesion",0.0345508427296677,NA
"301","GO:0031623","vesicle-mediated transport","Up","receptor internalization",0.0187188989876127,NA
"302","GO:0031640","biological process involved in interspecies interaction between organisms","Down","killing of cells of another organism",NA,0.0126842691887343
"303","GO:0031647","stabilization of membrane potential","Up","regulation of protein stability",0.0176050180021543,NA
"304","GO:0031929","cell communication","Down","TOR signaling",NA,0.0205657688300457
"305","GO:0032008","cell communication","Up","positive regulation of TOR signaling",0.00931117046103547,NA
"306","GO:0032091","regulation of catalytic activity","Up","negative regulation of protein binding",0.0205136501079335,NA
"307","GO:0032101","positive regulation of axon regeneration","Up","regulation of response to external stimulus",0.0198033066575298,NA
"308","GO:0032226","negative regulation of canonical Wnt signaling pathway","Down","positive regulation of synaptic transmission, dopaminergic",NA,0.00738419972107047
"309","GO:0032231","Arp2/3 complex-mediated actin nucleation","Up","regulation of actin filament bundle assembly",0.0301268749505876,NA
"310","GO:0032369","protein transport","Up","negative regulation of lipid transport",0.0432007909888809,NA
"311","GO:0032386","regulation of calcium ion-dependent exocytosis","Up","regulation of intracellular transport",0.021593903600611,NA
"312","GO:0032388","regulation of calcium ion-dependent exocytosis","Up","positive regulation of intracellular transport",0.0185618440699011,NA
"313","GO:0032418","lysosome localization","Up","lysosome localization",0.0184622542209968,NA
"314","GO:0032435","positive regulation of proteasomal ubiquitin-dependent protein catabolic process","Down","negative regulation of proteasomal ubiquitin-dependent protein catabolic process",NA,0.00132020086936346
"315","GO:0032436","positive regulation of proteasomal ubiquitin-dependent protein catabolic process","Up","positive regulation of proteasomal ubiquitin-dependent protein catabolic process",0.0216427335099406,NA
"316","GO:0032456","vesicle-mediated transport","Up","endocytic recycling",0.00954211202341782,NA
"317","GO:0032482","cell communication","Up","Rab protein signal transduction",0.0412316725286525,NA
"318","GO:0032501","nervous system development","Up","multicellular organismal process",0.00246714703120606,NA
"319","GO:0032502","cell differentiation","Up","developmental process",0.0019110730118478,NA
"320","GO:0032504","regulation of oviposition","Up","multicellular organism reproduction",0.0462146412885534,NA
"321","GO:0032509","vesicle-mediated transport","Up","endosome transport via multivesicular body sorting pathway",0.0459298401030446,NA
"322","GO:0032774","biosynthetic process","Down","RNA biosynthetic process",NA,0.00577063435315994
"323","GO:0032879","regulation of calcium ion-dependent exocytosis","Up","regulation of localization",0.00106968817813342,NA
"324","GO:0032890","regulation of calcium ion-dependent exocytosis","Up","regulation of organic acid transport",0.0154706070977544,NA
"325","GO:0032892","regulation of calcium ion-dependent exocytosis","Up","positive regulation of organic acid transport",0.0253891214970352,NA
"326","GO:0032954","cell division","Up","regulation of cytokinetic process",0.0327176874463533,NA
"327","GO:0032981","mitochondrial respiratory chain complex I assembly","Down","mitochondrial respiratory chain complex I assembly",NA,0.00742317364652191
"328","GO:0033036","protein transport","Up","macromolecule localization",0.00331867215945316,NA
"329","GO:0033108","mitochondrial respiratory chain complex I assembly","Down","mitochondrial respiratory chain complex assembly",NA,0.0152372717596267
"330","GO:0033157","regulation of calcium ion-dependent exocytosis","Up","regulation of intracellular protein transport",0.0294101157395258,NA
"331","GO:0033554","response to stimulus","Up","cellular response to stress",0.0352470742255445,NA
"332","GO:0033674","regulation of catalytic activity","Up","positive regulation of kinase activity",0.0257415979299017,NA
"333","GO:0034250","translation","Up","positive regulation of amide metabolic process",0.0499285126854308,NA
"334","GO:0034314","Arp2/3 complex-mediated actin nucleation","Down","Arp2/3 complex-mediated actin nucleation",NA,0.0205860161390778
"335","GO:0034446","substrate adhesion-dependent cell spreading","Up","substrate adhesion-dependent cell spreading",0.00865620920766362,NA
"336","GO:0034470","rRNA processing","Down","ncRNA processing",NA,0.0119988861252566
"337","GO:0034498","protein processing involved in protein targeting to mitochondrion","Up","early endosome to Golgi transport",0.021269129090011,NA
"338","GO:0034501","protein transport","Up","protein localization to kinetochore",0.0460297171836405,NA
"339","GO:0034605","response to heat","Up","cellular response to heat",0.0407017326720254,NA
"340","GO:0034641","metabolic process","Down","cellular nitrogen compound metabolic process",NA,6.78499852551281e-07
"341","GO:0034644","response to heat","Up","cellular response to UV",0.0475604020096696,NA
"342","GO:0034645","cellular macromolecule metabolic process","Down","cellular macromolecule biosynthetic process",NA,1.62945546378051e-10
"343","GO:0034654","biosynthetic process","Down","nucleobase-containing compound biosynthetic process",NA,0.00838877258033215
"344","GO:0034655","proteasome-mediated ubiquitin-dependent protein catabolic process","Down","nucleobase-containing compound catabolic process",NA,3.00271814419649e-09
"345","GO:0034660","rRNA processing","Down","ncRNA metabolic process",NA,0.0029009376201395
"346","GO:0034975","protein folding","Up","protein folding in endoplasmic reticulum",0.032874920414065,NA
"347","GO:0035239","nervous system development","Up","tube morphogenesis",0.00345054626002326,NA
"348","GO:0035295","nervous system development","Up","tube development",0.015640172939749,NA
"349","GO:0035329","cell communication","Up","hippo signaling",0.0100030419786338,NA
"350","GO:0035966","IRE1-mediated unfolded protein response","Up","response to topologically incorrect protein",0.0287428850836337,NA
"351","GO:0036065","fucosylation","Up","fucosylation",0.0184900347971011,NA
"352","GO:0036258","Golgi organization","Up","multivesicular body assembly",0.0377405304238531,NA
"353","GO:0036260","rRNA processing","Up","RNA capping",0.0379383674789684,NA
"354","GO:0036498","IRE1-mediated unfolded protein response","Up","IRE1-mediated unfolded protein response",0.0342228204513749,NA
"355","GO:0038034","signal transduction","Down","signal transduction in absence of ligand",NA,0.0490376473977049
"356","GO:0038202","cell communication","Down","TORC1 signaling",NA,0.0244871332936013
"357","GO:0040011","locomotion","Up","locomotion",0.0226701718662074,NA
"358","GO:0040017","locomotion","Up","positive regulation of locomotion",0.0427182848301644,NA
"359","GO:0040032","mesodermal cell fate specification","Down","post-embryonic body morphogenesis",NA,0.010972150661403
"360","GO:0042063","glial cell development","Up","gliogenesis",0.0083853883627296,NA
"361","GO:0042176","proteasome-mediated ubiquitin-dependent protein catabolic process","Up","regulation of protein catabolic process",0.028461614604134,NA
"362","GO:0042177","proteasome-mediated ubiquitin-dependent protein catabolic process","Down","negative regulation of protein catabolic process",NA,0.0277159745010524
"363","GO:0042221","IRE1-mediated unfolded protein response","Up","response to chemical",0.0107949402162823,NA
"364","GO:0042254","ribosome biogenesis","Down","ribosome biogenesis",NA,0.000296336649927955
"365","GO:0042255","ribosome biogenesis","Down","ribosome assembly",NA,0.000192938219838166
"366","GO:0042273","ribosome biogenesis","Down","ribosomal large subunit biogenesis",NA,0.00178933437340895
"367","GO:0042274","ribosome biogenesis","Down","ribosomal small subunit biogenesis",NA,0.0175181021028141
"368","GO:0042306","regulation of calcium ion-dependent exocytosis","Up","regulation of protein import into nucleus",0.022247631840899,NA
"369","GO:0042308","regulation of calcium ion-dependent exocytosis","Up","negative regulation of protein import into nucleus",0.0150381739873949,NA
"370","GO:0042430","indole-containing compound metabolic process","Up","indole-containing compound metabolic process",0.0433051714446451,NA
"371","GO:0042455","chondroitin sulfate biosynthetic process","Up","ribonucleoside biosynthetic process",0.0256192275018979,NA
"372","GO:0042692","sarcomere organization","Down","muscle cell differentiation",NA,0.0416980696432213
"373","GO:0042714","dosage compensation","Up","dosage compensation complex assembly",0.0427968767167769,NA
"374","GO:0042742","biological process involved in interspecies interaction between organisms","Up","defense response to bacterium",0.0480474799146413,NA
"375","GO:0042773","mitochondrial electron transport, NADH to ubiquinone","Down","ATP synthesis coupled electron transport",NA,0.000326371526662406
"376","GO:0042775","mitochondrial electron transport, NADH to ubiquinone","Down","mitochondrial ATP synthesis coupled electron transport",NA,0.000326371526662406
"377","GO:0042866","organic acid metabolic process","Down","pyruvate biosynthetic process",NA,0.0307009882563358
"378","GO:0042886","peptide transport","Down","amide transport",NA,0.0204375416161839
"379","GO:0043043","translation","Down","peptide biosynthetic process",NA,1.59831316659548e-12
"380","GO:0043085","regulation of catalytic activity","Up","positive regulation of catalytic activity",0.000229649957042755,NA
"381","GO:0043087","regulation of catalytic activity","Up","regulation of GTPase activity",0.000216522974855765,NA
"382","GO:0043112","cellular macromolecule metabolic process","Up","receptor metabolic process",0.0133300256109466,NA
"383","GO:0043161","proteasome-mediated ubiquitin-dependent protein catabolic process","Down","proteasome-mediated ubiquitin-dependent protein catabolic process",NA,0.0443893773876894
"384","GO:0043170","metabolic process","Down","macromolecule metabolic process",NA,0.000771215261693087
"385","GO:0043200","IRE1-mediated unfolded protein response","Up","response to amino acid",0.0195476751649021,NA
"386","GO:0043331","IRE1-mediated unfolded protein response","Down","response to dsRNA",NA,0.0358077726875696
"387","GO:0043405","regulation of catalytic activity","Up","regulation of MAP kinase activity",0.0154711805318219,NA
"388","GO:0043406","regulation of catalytic activity","Up","positive regulation of MAP kinase activity",0.00688877257242174,NA
"389","GO:0043410","positive regulation of axon regeneration","Up","positive regulation of MAPK cascade",0.0162601466825024,NA
"390","GO:0043436","organic acid metabolic process","Down, Up","oxoacid metabolic process",0.0122709118439124,0.0217908451401947
"391","GO:0043457","mitochondrial electron transport, NADH to ubiquinone","Down","regulation of cellular respiration",NA,0.044942591619167
"392","GO:0043542","epithelial cell migration","Up","endothelial cell migration",0.029228356190835,NA
"393","GO:0043543","peptidyl-serine phosphorylation","Down","protein acylation",NA,0.00151674155733877
"394","GO:0043547","regulation of catalytic activity","Up","positive regulation of GTPase activity",0.00152276424080816,NA
"395","GO:0043549","regulation of catalytic activity","Up","regulation of kinase activity",0.0459182216360128,NA
"396","GO:0043603","translation","Down","amide metabolic process",NA,8.28709983967572e-11
"397","GO:0043604","translation","Down","amide biosynthetic process",NA,2.61888528993342e-11
"398","GO:0043618","cellular response to leucine starvation","Up","regulation of transcription from RNA polymerase II promoter in response to stress",0.00336254369776339,NA
"399","GO:0043620","cellular response to leucine starvation","Up","regulation of DNA-templated transcription in response to stress",0.00595599540566632,NA
"400","GO:0043933","mitochondrial respiratory chain complex I assembly","Down","protein-containing complex organization",NA,0.0326904161440522
"401","GO:0043981","peptidyl-serine phosphorylation","Down","histone H4-K5 acetylation",NA,0.00961796121449651
"402","GO:0043982","peptidyl-serine phosphorylation","Down","histone H4-K8 acetylation",NA,0.00961796121449651
"403","GO:0043984","peptidyl-serine phosphorylation","Down","histone H4-K16 acetylation",NA,0.0275578554692953
"404","GO:0044087","ribosome biogenesis","Up","regulation of cellular component biogenesis",0.00843184050225714,NA
"405","GO:0044089","ribosome biogenesis","Up","positive regulation of cellular component biogenesis",0.0161917304237064,NA
"406","GO:0044093","regulation of catalytic activity","Up","positive regulation of molecular function",0.000420420212940791,NA
"407","GO:0044237","metabolic process","Down","cellular metabolic process",NA,5.07532427729021e-05
"408","GO:0044238","metabolic process","Down","primary metabolic process",NA,6.79808537913582e-06
"409","GO:0044241","intestinal cholesterol absorption","Up","lipid digestion",0.0178615698195036,NA
"410","GO:0044242","lipid metabolic process","Up","cellular lipid catabolic process",0.0247735263120911,NA
"411","GO:0044248","proteasome-mediated ubiquitin-dependent protein catabolic process","Down","cellular catabolic process",NA,0.000179209142700627
"412","GO:0044249","biosynthetic process","Down","cellular biosynthetic process",NA,2.39728797093724e-08
"413","GO:0044255","lipid metabolic process","Up","cellular lipid metabolic process",0.0102484621631482,NA
"414","GO:0044260","cellular macromolecule metabolic process","Down","cellular macromolecule metabolic process",NA,8.53616152989887e-05
"415","GO:0044265","proteasome-mediated ubiquitin-dependent protein catabolic process","Down","cellular macromolecule catabolic process",NA,2.56652927635636e-05
"416","GO:0044270","proteasome-mediated ubiquitin-dependent protein catabolic process","Down","cellular nitrogen compound catabolic process",NA,8.93958589928733e-10
"417","GO:0044271","biosynthetic process","Down","cellular nitrogen compound biosynthetic process",NA,4.27903857008238e-10
"418","GO:0044281","organic acid metabolic process","Down","small molecule metabolic process",NA,0.0137737871102898
"419","GO:0044282","proteasome-mediated ubiquitin-dependent protein catabolic process","Down","small molecule catabolic process",NA,0.0354710861553373
"420","GO:0044403","biological process involved in interspecies interaction between organisms","Up","biological process involved in symbiotic interaction",0.00378101086693593,NA
"421","GO:0044419","biological process involved in interspecies interaction between organisms","Up","biological process involved in interspecies interaction between organisms",0.00985637297195956,NA
"422","GO:0044703","regulation of oviposition","Up","multi-organism reproductive process",0.0232069245945362,NA
"423","GO:0045047","protein transport","Down","protein targeting to ER",NA,5.7100330790013e-11
"424","GO:0045167","protein transport","Up","asymmetric protein localization involved in cell fate determination",0.0089617051347004,NA
"425","GO:0045176","protein transport","Up","apical protein localization",0.0107450493839525,NA
"426","GO:0045184","protein transport","Down","establishment of protein localization",NA,0.0331047100694233
"427","GO:0045214","sarcomere organization","Up","sarcomere organization",0.0327308463043355,NA
"428","GO:0045333","mitochondrial electron transport, NADH to ubiquinone","Down","cellular respiration",NA,0.000262756964583394
"429","GO:0045595","regulation of neuron differentiation","Up","regulation of cell differentiation",0.00618069431085592,NA
"430","GO:0045597","regulation of neuron differentiation","Up","positive regulation of cell differentiation",0.00398493608622384,NA
"431","GO:0045664","regulation of neuron differentiation","Up","regulation of neuron differentiation",0.000407526317746985,NA
"432","GO:0045666","regulation of neuron differentiation","Up","positive regulation of neuron differentiation",9.05977256213101e-05,NA
"433","GO:0045732","proteasome-mediated ubiquitin-dependent protein catabolic process","Up","positive regulation of protein catabolic process",0.00559383942144245,NA
"434","GO:0045746","negative regulation of signal transduction","Up","negative regulation of Notch signaling pathway",0.0345280200919655,NA
"435","GO:0045834","lipid metabolic process","Up","positive regulation of lipid metabolic process",0.0448064952640373,NA
"436","GO:0045859","regulation of catalytic activity","Up","regulation of protein kinase activity",0.0332356910889632,NA
"437","GO:0045860","regulation of catalytic activity","Up","positive regulation of protein kinase activity",0.0306194351021296,NA
"438","GO:0045862","positive regulation of proteasomal ubiquitin-dependent protein catabolic process","Up","positive regulation of proteolysis",0.0259188501141004,NA
"439","GO:0045887","regulation of synaptic assembly at neuromuscular junction","Up","positive regulation of synaptic assembly at neuromuscular junction",0.0238069258720866,NA
"440","GO:0045927","positive regulation of cell growth","Up","positive regulation of growth",0.03057970205918,NA
"441","GO:0045933","regulation of neurogenesis","Up","positive regulation of muscle contraction",0.0146035767646386,NA
"442","GO:0045934","negative regulation of biosynthetic process","Up","negative regulation of nucleobase-containing compound metabolic process",0.0184522000579501,NA
"443","GO:0045987","regulation of neurogenesis","Up","positive regulation of smooth muscle contraction",0.0361574198133511,NA
"444","GO:0046034","ATP biosynthetic process","Down","ATP metabolic process",NA,0.000128793720861677
"445","GO:0046085","chondroitin sulfate biosynthetic process","Down","adenosine metabolic process",NA,0.0273467218696811
"446","GO:0046131","chondroitin sulfate biosynthetic process","Up","pyrimidine ribonucleoside metabolic process",0.0302308506866678,NA
"447","GO:0046132","chondroitin sulfate biosynthetic process","Up","pyrimidine ribonucleoside biosynthetic process",0.00934608533668728,NA
"448","GO:0046134","chondroitin sulfate biosynthetic process","Up","pyrimidine nucleoside biosynthetic process",0.00934608533668728,NA
"449","GO:0046398","organic acid metabolic process","Up","UDP-glucuronate metabolic process",0.0416949324477628,NA
"450","GO:0046483","metabolic process","Down","heterocycle metabolic process",NA,0.00012172015780769
"451","GO:0046605","Arp2/3 complex-mediated actin nucleation","Up","regulation of centrosome cycle",0.0103959007867387,NA
"452","GO:0046662","regulation of oviposition","Up","regulation of oviposition",0.0375931131515374,NA
"453","GO:0046700","proteasome-mediated ubiquitin-dependent protein catabolic process","Down","heterocycle catabolic process",NA,5.79173375912853e-10
"454","GO:0046755","viral budding","Up","viral budding",0.0443025837369931,NA
"455","GO:0046777","protein phosphorylation","Up","protein autophosphorylation",0.0464818109961748,NA
"456","GO:0046823","regulation of calcium ion-dependent exocytosis","Up","negative regulation of nucleocytoplasmic transport",0.0320646477417398,NA
"457","GO:0046839","lipid metabolic process","Up","phospholipid dephosphorylation",0.0395675566262393,NA
"458","GO:0046890","lipid metabolic process","Up","regulation of lipid biosynthetic process",0.00710272988485332,NA
"459","GO:0046902","protein processing involved in protein targeting to mitochondrion","Up","regulation of mitochondrial membrane permeability",0.0361113902836663,NA
"460","GO:0046907","intracellular transport","Up","intracellular transport",0.0476621497712331,NA
"461","GO:0046928","regulation of calcium ion-dependent exocytosis","Down","regulation of neurotransmitter secretion",NA,0.0293073514720189
"462","GO:0048002","immune system process","Up","antigen processing and presentation of peptide antigen",0.0031013513740565,NA
"463","GO:0048193","vesicle-mediated transport","Up","Golgi vesicle transport",0.0251315090568213,NA
"464","GO:0048232","regulation of oviposition","Up","male gamete generation",0.0329931772918188,NA
"465","GO:0048285","lysosome organization","Up","organelle fission",0.00282698513626822,NA
"466","GO:0048308","lysosome organization","Up","organelle inheritance",0.00097076589326373,NA
"467","GO:0048513","cell differentiation","Up","animal organ development",0.0197931989328676,NA
"468","GO:0048514","glial cell development","Up","blood vessel morphogenesis",0.00627981726257382,NA
"469","GO:0048518","regulation of macromolecule metabolic process","Up","positive regulation of biological process",3.04336911550706e-05,NA
"470","GO:0048519","negative regulation of biosynthetic process","Up","negative regulation of biological process",0.000312976345784868,NA
"471","GO:0048522","regulation of macromolecule metabolic process","Up","positive regulation of cellular process",0.000123017883494289,NA
"472","GO:0048523","negative regulation of biosynthetic process","Up","negative regulation of cellular process",1.58132572824578e-05,NA
"473","GO:0048563","mesodermal cell fate specification","Up","post-embryonic animal organ morphogenesis",0.0127166468393869,NA
"474","GO:0048569","cell differentiation","Up","post-embryonic animal organ development",0.0478515688053452,NA
"475","GO:0048583","positive regulation of axon regeneration","Up","regulation of response to stimulus",0.000425008348859158,NA
"476","GO:0048584","positive regulation of axon regeneration","Up","positive regulation of response to stimulus",0.0369929373718956,NA
"477","GO:0048585","positive regulation of axon regeneration","Up","negative regulation of response to stimulus",0.0141382185805524,NA
"478","GO:0048609","regulation of oviposition","Up","multicellular organismal reproductive process",0.0479579000355374,NA
"479","GO:0048670","positive regulation of cell growth","Up","regulation of collateral sprouting",0.0112820486445722,NA
"480","GO:0048671","positive regulation of cell growth","Up","negative regulation of collateral sprouting",0.041394780146332,NA
"481","GO:0048679","positive regulation of axon regeneration","Up","regulation of axon regeneration",0.00213937287212088,NA
"482","GO:0048680","positive regulation of axon regeneration","Up","positive regulation of axon regeneration",0.034560537100737,NA
"483","GO:0048681","positive regulation of axon regeneration","Up","negative regulation of axon regeneration",0.0335534688431012,NA
"484","GO:0048699","nervous system development","Up","generation of neurons",0.0274865439085107,NA
"485","GO:0048729","morphogenesis of an epithelium","Up","tissue morphogenesis",0.0106785685212828,NA
"486","GO:0048731","nervous system development","Up","system development",0.00110716860084198,NA
"487","GO:0048814","regulation of dendrite morphogenesis","Up","regulation of dendrite morphogenesis",0.0035619283162665,NA
"488","GO:0048856","cell differentiation","Up","anatomical structure development",0.00531075013494477,NA
"489","GO:0048869","cell differentiation","Up","cellular developmental process",0.00757533250322961,NA
"490","GO:0048870","cell migration","Up","cell motility",0.00310320369036371,NA
"491","GO:0048878","lipid homeostasis","Up","chemical homeostasis",0.0129418545876467,NA
"492","GO:0050000","lysosome localization","Up","chromosome localization",0.00961002953658287,NA
"493","GO:0050650","chondroitin sulfate biosynthetic process","Up","chondroitin sulfate proteoglycan biosynthetic process",0.0390750416529407,NA
"494","GO:0050767","regulation of neurogenesis","Up","regulation of neurogenesis",0.00767123845360523,NA
"495","GO:0050769","regulation of neurogenesis","Up","positive regulation of neurogenesis",0.000727713538533502,NA
"496","GO:0050772","regulation of neurogenesis","Up","positive regulation of axonogenesis",0.037203521081356,NA
"497","GO:0050773","regulation of dendrite morphogenesis","Up","regulation of dendrite development",0.00502633562963235,NA
"498","GO:0050775","regulation of neuron differentiation","Up","positive regulation of dendrite morphogenesis",0.00406877793650053,NA
"499","GO:0050776","immune system process","Up","regulation of immune response",0.0231042165829279,NA
"500","GO:0050778","immune system process","Up","positive regulation of immune response",0.0194815642149347,NA
"501","GO:0050779","proteasome-mediated ubiquitin-dependent protein catabolic process","Up","RNA destabilization",0.0234300942389557,NA
"502","GO:0050789","regulation of macromolecule metabolic process","Up","regulation of biological process",1.58488187809467e-06,NA
"503","GO:0050790","regulation of catalytic activity","Up","regulation of catalytic activity",0.000262327398351755,NA
"504","GO:0050793","regulation of neuron differentiation","Up","regulation of developmental process",0.0086090888220358,NA
"505","GO:0050794","regulation of macromolecule metabolic process","Up","regulation of cellular process",8.43691753390647e-08,NA
"506","GO:0050810","lipid metabolic process","Up","regulation of steroid biosynthetic process",0.0277844467004853,NA
"507","GO:0050818","regulation of neurogenesis","Up","regulation of coagulation",0.00242939301047991,NA
"508","GO:0050819","regulation of neurogenesis","Up","negative regulation of coagulation",0.0348691077519875,NA
"509","GO:0050820","regulation of neurogenesis","Up","positive regulation of coagulation",0.013673215470838,NA
"510","GO:0050821","stabilization of membrane potential","Up","protein stabilization",0.04383836796854,NA
"511","GO:0050867","regulation of neurogenesis","Up","positive regulation of cell activation",0.00974696625798807,NA
"512","GO:0050892","intestinal cholesterol absorption","Up","intestinal absorption",0.008353890722933,NA
"513","GO:0050896","response to stimulus","Up","response to stimulus",7.69636587451606e-05,NA
"514","GO:0050919","locomotion","Up","negative chemotaxis",0.00583155350976157,NA
"515","GO:0051049","regulation of calcium ion-dependent exocytosis","Up","regulation of transport",0.0347143536092227,NA
"516","GO:0051093","regulation of neuron differentiation","Up","negative regulation of developmental process",0.0272284793564514,NA
"517","GO:0051094","regulation of neuron differentiation","Up","positive regulation of developmental process",0.0140841456208112,NA
"518","GO:0051100","regulation of catalytic activity","Up","negative regulation of binding",0.0321243868049446,NA
"519","GO:0051128","regulation of synaptic assembly at neuromuscular junction","Up","regulation of cellular component organization",0.00154641641216582,NA
"520","GO:0051129","regulation of synaptic assembly at neuromuscular junction","Up","negative regulation of cellular component organization",0.00209799000201232,NA
"521","GO:0051130","regulation of synaptic assembly at neuromuscular junction","Up","positive regulation of cellular component organization",0.00012007311490593,NA
"522","GO:0051171","regulation of macromolecule metabolic process","Up","regulation of nitrogen compound metabolic process",0.000226891806992774,NA
"523","GO:0051172","negative regulation of biosynthetic process","Up","negative regulation of nitrogen compound metabolic process",0.00198258546835926,NA
"524","GO:0051173","regulation of macromolecule metabolic process","Up","positive regulation of nitrogen compound metabolic process",0.00364451764347958,NA
"525","GO:0051179","intracellular transport","Up","localization",0.00026574945316491,NA
"526","GO:0051205","protein transport","Up","protein insertion into membrane",0.0218713190913918,NA
"527","GO:0051222","regulation of calcium ion-dependent exocytosis","Up","positive regulation of protein transport",0.0302187488873338,NA
"528","GO:0051231","Arp2/3 complex-mediated actin nucleation","Up","spindle elongation",0.0193931654091743,NA
"529","GO:0051234","intracellular transport","Up","establishment of localization",0.025076221315104,NA
"530","GO:0051239","regulation of neurogenesis","Up","regulation of multicellular organismal process",0.00157228415995132,NA
"531","GO:0051240","regulation of neurogenesis","Up","positive regulation of multicellular organismal process",0.0228098526976875,NA
"532","GO:0051241","regulation of neurogenesis","Up","negative regulation of multicellular organismal process",0.00541538320715677,NA
"533","GO:0051246","positive regulation of proteasomal ubiquitin-dependent protein catabolic process","Up","regulation of protein metabolic process",0.000255083474354845,NA
"534","GO:0051247","positive regulation of proteasomal ubiquitin-dependent protein catabolic process","Up","positive regulation of protein metabolic process",0.000204761661185516,NA
"535","GO:0051249","regulation of neurogenesis","Up","regulation of lymphocyte activation",0.0471369916478387,NA
"536","GO:0051251","regulation of neurogenesis","Up","positive regulation of lymphocyte activation",0.0100756337294998,NA
"537","GO:0051252","regulation of macromolecule metabolic process","Up","regulation of RNA metabolic process",0.047294905314504,NA
"538","GO:0051255","Arp2/3 complex-mediated actin nucleation","Up","spindle midzone assembly",0.0229006162911647,NA
"539","GO:0051256","Arp2/3 complex-mediated actin nucleation","Up","mitotic spindle midzone assembly",0.0474806755359717,NA
"540","GO:0051296","establishment of cell polarity","Down","establishment of meiotic spindle orientation",NA,0.0453410561912631
"541","GO:0051301","cell division","Up","cell division",0.00503157201136295,NA
"542","GO:0051303","lysosome localization","Up","establishment of chromosome localization",0.00864739001208947,NA
"543","GO:0051305","lysosome localization","Up","chromosome movement towards spindle pole",0.0435876910224734,NA
"544","GO:0051310","lysosome localization","Up","metaphase plate congression",0.0349092347125313,NA
"545","GO:0051336","regulation of catalytic activity","Up","regulation of hydrolase activity",3.40356345998234e-05,NA
"546","GO:0051345","regulation of catalytic activity","Up","positive regulation of hydrolase activity",0.000204887224794441,NA
"547","GO:0051347","regulation of catalytic activity","Up","positive regulation of transferase activity",0.0171266683054653,NA
"548","GO:0051438","regulation of catalytic activity","Down","regulation of ubiquitin-protein transferase activity",NA,0.018995473352725
"549","GO:0051492","Arp2/3 complex-mediated actin nucleation","Up","regulation of stress fiber assembly",0.0167432565232367,NA
"550","GO:0051640","lysosome localization","Up","organelle localization",0.0174466179653061,NA
"551","GO:0051641","intracellular transport","Up","cellular localization",0.0022035644841565,NA
"552","GO:0051649","intracellular transport","Up","establishment of localization in cell",0.0299357153067414,NA
"553","GO:0051656","lysosome localization","Up","establishment of organelle localization",0.0466371286411715,NA
"554","GO:0051716","response to stimulus","Up","cellular response to stimulus",0.000253203579270442,NA
"555","GO:0051782","cell division","Up","negative regulation of cell division",0.0476254954859123,NA
"556","GO:0051783","lysosome organization","Up","regulation of nuclear division",0.0129669646617424,NA
"557","GO:0051960","regulation of neurogenesis","Up","regulation of nervous system development",0.0013012831902905,NA
"558","GO:0051962","regulation of neurogenesis","Up","positive regulation of nervous system development",0.000686149128916213,NA
"559","GO:0051963","regulation of synaptic assembly at neuromuscular junction","Up","regulation of synapse assembly",0.0428218028382767,NA
"560","GO:0051988","mitotic cell cycle","Up","regulation of attachment of spindle microtubules to kinetochore",0.0221742171461232,NA
"561","GO:0055086","organic acid metabolic process","Down","nucleobase-containing small molecule metabolic process",NA,0.00165921435461055
"562","GO:0055088","lipid homeostasis","Up","lipid homeostasis",0.0109924727060369,NA
"563","GO:0060211","positive regulation of proteasomal ubiquitin-dependent protein catabolic process","Down","regulation of nuclear-transcribed mRNA poly(A) tail shortening",NA,0.0230826751743377
"564","GO:0060213","positive regulation of proteasomal ubiquitin-dependent protein catabolic process","Down","positive regulation of nuclear-transcribed mRNA poly(A) tail shortening",NA,0.0230826751743377
"565","GO:0060236","Arp2/3 complex-mediated actin nucleation","Up","regulation of mitotic spindle organization",0.0143880408967293,NA
"566","GO:0060255","regulation of macromolecule metabolic process","Up","regulation of macromolecule metabolic process",0.00279532037240916,NA
"567","GO:0060297","Arp2/3 complex-mediated actin nucleation","Down","regulation of sarcomere organization",NA,0.0417288306588006
"568","GO:0060562","nervous system development","Up","epithelial tube morphogenesis",0.008704889602923,NA
"569","GO:0060627","regulation of calcium ion-dependent exocytosis","Up","regulation of vesicle-mediated transport",0.0444831950280289,NA
"570","GO:0060795","mesodermal cell fate specification","Up","cell fate commitment involved in formation of primary germ layer",0.0403158213623811,NA
"571","GO:0060828","negative regulation of canonical Wnt signaling pathway","Up","regulation of canonical Wnt signaling pathway",0.0329852811208624,NA
"572","GO:0061041","positive regulation of axon regeneration","Up","regulation of wound healing",0.00618042101814858,NA
"573","GO:0061077","protein folding","Up","chaperone-mediated protein folding",0.0251753957272953,NA
"574","GO:0061138","mesodermal cell fate specification","Up","morphogenesis of a branching epithelium",0.0171514300903805,NA
"575","GO:0061157","proteasome-mediated ubiquitin-dependent protein catabolic process","Up","mRNA destabilization",0.0406792475801106,NA
"576","GO:0061356","regulation of calcium ion-dependent exocytosis","Up","regulation of Wnt protein secretion",0.0103937457812538,NA
"577","GO:0061357","regulation of calcium ion-dependent exocytosis","Up","positive regulation of Wnt protein secretion",0.0103937457812538,NA
"578","GO:0061462","protein transport","Up","protein localization to lysosome",0.0280268805147043,NA
"579","GO:0061615","fucose metabolic process","Down","glycolytic process through fructose-6-phosphate",NA,0.011225487667457
"580","GO:0061620","fucose metabolic process","Down","glycolytic process through glucose-6-phosphate",NA,0.011225487667457
"581","GO:0061621","fucose metabolic process","Down","canonical glycolysis",NA,0.0277581072683561
"582","GO:0061718","fucose metabolic process","Down","glucose catabolic process to pyruvate",NA,0.0277581072683561
"583","GO:0061844","immune system process","Down","antimicrobial humoral immune response mediated by antimicrobial peptide",NA,0.00545961196111344
"584","GO:0061982","regulation of oviposition","Up","meiosis I cell cycle process",0.0453350353805041,NA
"585","GO:0065004","mitochondrial respiratory chain complex I assembly","Up","protein-DNA complex assembly",0.0443622489189293,NA
"586","GO:0065007","regulation of macromolecule metabolic process","Up","biological regulation",1.55349266616649e-06,NA
"587","GO:0065008","stabilization of membrane potential","Up","regulation of biological quality",0.00379553413980666,NA
"588","GO:0065009","regulation of catalytic activity","Up","regulation of molecular function",0.00015255762686233,NA
"589","GO:0070201","regulation of calcium ion-dependent exocytosis","Up","regulation of establishment of protein localization",0.0464336529332877,NA
"590","GO:0070507","Arp2/3 complex-mediated actin nucleation","Up","regulation of microtubule cytoskeleton organization",0.0245899412302872,NA
"591","GO:0070508","protein transport","Up","cholesterol import",0.0436441050451074,NA
"592","GO:0070528","cell communication","Down","protein kinase C signaling",NA,0.00785017064691119
"593","GO:0070570","positive regulation of axon regeneration","Up","regulation of neuron projection regeneration",0.00436479080065619,NA
"594","GO:0070572","positive regulation of axon regeneration","Up","positive regulation of neuron projection regeneration",0.034560537100737,NA
"595","GO:0070647","protein modification by small protein conjugation or removal","Down","protein modification by small protein conjugation or removal",NA,0.0120447317862188
"596","GO:0070734","peptidyl-serine phosphorylation","Down","histone H3-K27 methylation",NA,0.0237643104000291
"597","GO:0070848","cellular response to growth factor stimulus","Up","response to growth factor",0.00612644297647431,NA
"598","GO:0070887","IRE1-mediated unfolded protein response","Up","cellular response to chemical stimulus",0.00193206609449531,NA
"599","GO:0070918","rRNA processing","Down","regulatory ncRNA processing",NA,0.0354992294754765
"600","GO:0070972","protein transport","Down","protein localization to endoplasmic reticulum",NA,1.06269402826375e-09
"601","GO:0071218","IRE1-mediated unfolded protein response","Down","cellular response to misfolded protein",NA,0.0380838646117725
"602","GO:0071229","IRE1-mediated unfolded protein response","Up","cellular response to acid chemical",0.00626981854283776,NA
"603","GO:0071230","IRE1-mediated unfolded protein response","Up","cellular response to amino acid stimulus",0.0130682755834183,NA
"604","GO:0071310","IRE1-mediated unfolded protein response","Up","cellular response to organic substance",0.00447435784814947,NA
"605","GO:0071345","IRE1-mediated unfolded protein response","Up","cellular response to cytokine stimulus",0.0241544138867691,NA
"606","GO:0071363","cellular response to growth factor stimulus","Up","cellular response to growth factor stimulus",0.00602568213162158,NA
"607","GO:0071456","response to heat","Down","cellular response to hypoxia",NA,0.0302622921381072
"608","GO:0071474","response to heat","Up","cellular hyperosmotic response",0.0196685504772419,NA
"609","GO:0071478","response to heat","Up","cellular response to radiation",0.0487097973878251,NA
"610","GO:0071479","response to heat","Up","cellular response to ionizing radiation",0.0352917307595994,NA
"611","GO:0071495","cellular response to growth factor stimulus","Up","cellular response to endogenous stimulus",0.015512357028621,NA
"612","GO:0071689","sarcomere organization","Down","muscle thin filament assembly",NA,0.022926620872187
"613","GO:0071704","metabolic process","Down","organic substance metabolic process",NA,1.53809998449078e-05
"614","GO:0071705","peptide transport","Down","nitrogen compound transport",NA,0.0393366972303436
"615","GO:0071826","mitochondrial respiratory chain complex I assembly","Down","ribonucleoprotein complex subunit organization",NA,0.00700762426461234
"616","GO:0071840","cellular component organization","Up","cellular component organization or biogenesis",0.00185227995494773,NA
"617","GO:0071900","regulation of catalytic activity","Up","regulation of protein serine/threonine kinase activity",0.00427828174836931,NA
"618","GO:0071902","regulation of catalytic activity","Up","positive regulation of protein serine/threonine kinase activity",0.0127899168740718,NA
"619","GO:0072521","purine nucleotide biosynthetic process","Down","purine-containing compound metabolic process",NA,0.000347060571337021
"620","GO:0072522","purine nucleotide biosynthetic process","Down","purine-containing compound biosynthetic process",NA,0.0342192559367177
"621","GO:0072523","proteasome-mediated ubiquitin-dependent protein catabolic process","Down","purine-containing compound catabolic process",NA,0.0300750851347644
"622","GO:0072594","protein transport","Down","establishment of protein localization to organelle",NA,0.000163534712821909
"623","GO:0072599","protein transport","Down","establishment of protein localization to endoplasmic reticulum",NA,3.12582566810795e-10
"624","GO:0072657","protein transport","Down","protein localization to membrane",NA,0.0181917633787983
"625","GO:0072665","protein transport","Up","protein localization to vacuole",0.045164043465532,NA
"626","GO:0080090","regulation of macromolecule metabolic process","Up","regulation of primary metabolic process",6.84952764032271e-05,NA
"627","GO:0080134","positive regulation of axon regeneration","Up","regulation of response to stress",0.000958709783578171,NA
"628","GO:0080135","positive regulation of axon regeneration","Up","regulation of cellular response to stress",0.0121916038483713,NA
"629","GO:0080171","lysosome organization","Up","lytic vacuole organization",0.0417161670744289,NA
"630","GO:0090066","stabilization of membrane potential","Up","regulation of anatomical structure size",0.0358276980585915,NA
"631","GO:0090090","negative regulation of canonical Wnt signaling pathway","Up","negative regulation of canonical Wnt signaling pathway",0.0253280813856252,NA
"632","GO:0090092","negative regulation of canonical Wnt signaling pathway","Up","regulation of transmembrane receptor protein serine/threonine kinase signaling pathway",0.0370329823814991,NA
"633","GO:0090101","negative regulation of canonical Wnt signaling pathway","Up","negative regulation of transmembrane receptor protein serine/threonine kinase signaling pathway",0.0154342630309861,NA
"634","GO:0090130","epithelial cell migration","Up","tissue migration",0.0249396471206309,NA
"635","GO:0090150","protein transport","Down","establishment of protein localization to membrane",NA,4.88086284826764e-07
"636","GO:0090162","establishment of cell polarity","Up","establishment of epithelial cell polarity",0.0263494645594614,NA
"637","GO:0090169","Arp2/3 complex-mediated actin nucleation","Up","regulation of spindle assembly",0.00498418447848486,NA
"638","GO:0090224","Arp2/3 complex-mediated actin nucleation","Up","regulation of spindle organization",0.0192197444979911,NA
"639","GO:0090303","positive regulation of axon regeneration","Up","positive regulation of wound healing",0.0117996387954319,NA
"640","GO:0090304","metabolic process","Down","nucleic acid metabolic process",NA,0.00283513807959672
"641","GO:0090309","ribosome biogenesis","Up","positive regulation of DNA methylation-dependent heterochromatin formation",0.0467059778416946,NA
"642","GO:0090316","regulation of calcium ion-dependent exocytosis","Up","positive regulation of intracellular protein transport",0.0216439861303202,NA
"643","GO:0097192","signal transduction","Down","extrinsic apoptotic signaling pathway in absence of ligand",NA,0.0490376473977049
"644","GO:0097659","biosynthetic process","Down","nucleic acid-templated transcription",NA,0.0072651961793335
"645","GO:0098657","intracellular transport","Up","import into cell",0.0277775134228296,NA
"646","GO:0098727","stem cell population maintenance","Up","maintenance of cell number",0.0162958141198305,NA
"647","GO:0098813","mitotic cell cycle","Up","nuclear chromosome segregation",0.00597206419496852,NA
"648","GO:0098856","intestinal cholesterol absorption","Up","intestinal lipid absorption",0.0178615698195036,NA
"649","GO:0099024","cellular component organization","Up","plasma membrane invagination",0.0154631891830526,NA
"650","GO:0099518","lysosome localization","Up","vesicle cytoskeletal trafficking",0.0308221247460597,NA
"651","GO:0106027","regulation of dendrite morphogenesis","Up","neuron projection organization",0.0160461440697117,NA
"652","GO:0110020","Arp2/3 complex-mediated actin nucleation","Up","regulation of actomyosin structure organization",0.0356964041721109,NA
"653","GO:0110053","Arp2/3 complex-mediated actin nucleation","Up","regulation of actin filament organization",0.0390680237196232,NA
"654","GO:0120035","regulation of dendrite morphogenesis","Up","regulation of plasma membrane bounded cell projection organization",0.00198137060738845,NA
"655","GO:0120036","regulation of dendrite morphogenesis","Up","plasma membrane bounded cell projection organization",0.0418701161925154,NA
"656","GO:0140013","lysosome organization","Up","meiotic nuclear division",0.0278262034904316,NA
"657","GO:0140014","mitotic cell cycle","Up","mitotic nuclear division",0.0418755918725712,NA
"658","GO:1900006","regulation of dendrite morphogenesis","Up","positive regulation of dendrite development",0.0406216968944535,NA
"659","GO:1900046","stabilization of membrane potential","Up","regulation of hemostasis",0.0108310938255707,NA
"660","GO:1900048","stabilization of membrane potential","Up","positive regulation of hemostasis",0.0178275604535223,NA
"661","GO:1900076","cellular response to growth factor stimulus","Up","regulation of cellular response to insulin stimulus",0.0173848757096959,NA
"662","GO:1900101","positive regulation of axon regeneration","Down","regulation of endoplasmic reticulum unfolded protein response",NA,0.0249378272570213
"663","GO:1900180","regulation of calcium ion-dependent exocytosis","Up","regulation of protein localization to nucleus",0.0198516292941399,NA
"664","GO:1900181","regulation of calcium ion-dependent exocytosis","Up","negative regulation of protein localization to nucleus",0.0292427522664243,NA
"665","GO:1900371","ATP biosynthetic process","Down","regulation of purine nucleotide biosynthetic process",NA,0.027540737475079
"666","GO:1901135","chondroitin sulfate biosynthetic process","Down","carbohydrate derivative metabolic process",NA,0.00528186944531147
"667","GO:1901160","primary amino compound metabolic process","Up","primary amino compound metabolic process",0.0436370783496766,NA
"668","GO:1901292","proteasome-mediated ubiquitin-dependent protein catabolic process","Down","nucleoside phosphate catabolic process",NA,0.0316094917548167
"669","GO:1901360","rRNA processing","Down","organic cyclic compound metabolic process",NA,0.000208330811128351
"670","GO:1901361","proteasome-mediated ubiquitin-dependent protein catabolic process","Down","organic cyclic compound catabolic process",NA,1.66244853912679e-10
"671","GO:1901362","biosynthetic process","Down","organic cyclic compound biosynthetic process",NA,0.0221870301681312
"672","GO:1901564","protein metabolic process","Down","organonitrogen compound metabolic process",NA,9.56493766422178e-09
"673","GO:1901565","proteasome-mediated ubiquitin-dependent protein catabolic process","Down","organonitrogen compound catabolic process",NA,0.0464480687463759
"674","GO:1901566","protein metabolic process","Down","organonitrogen compound biosynthetic process",NA,2.71692858157515e-10
"675","GO:1901575","proteasome-mediated ubiquitin-dependent protein catabolic process","Down","organic substance catabolic process",NA,4.9663149712385e-05
"676","GO:1901576","biosynthetic process","Down","organic substance biosynthetic process",NA,2.68240671770072e-08
"677","GO:1901605","organic acid metabolic process","Down","alpha-amino acid metabolic process",NA,0.0131410805213398
"678","GO:1901657","chondroitin sulfate biosynthetic process","Up","glycosyl compound metabolic process",0.030337525540611,NA
"679","GO:1901701","IRE1-mediated unfolded protein response","Up","cellular response to oxygen-containing compound",0.0208328612366066,NA
"680","GO:1901799","positive regulation of proteasomal ubiquitin-dependent protein catabolic process","Down","negative regulation of proteasomal protein catabolic process",NA,0.00392615752705712
"681","GO:1901800","positive regulation of proteasomal ubiquitin-dependent protein catabolic process","Up","positive regulation of proteasomal protein catabolic process",0.0202356672963409,NA
"682","GO:1901857","mitochondrial electron transport, NADH to ubiquinone","Down","positive regulation of cellular respiration",NA,0.0242704182855527
"683","GO:1901976","mitotic cell cycle","Up","regulation of cell cycle checkpoint",0.0137886768829398,NA
"684","GO:1901987","mitotic cell cycle","Up","regulation of cell cycle phase transition",0.0370016338988582,NA
"685","GO:1902074","IRE1-mediated unfolded protein response","Up","response to salt",0.0335992006413037,NA
"686","GO:1902115","ribosome biogenesis","Up","regulation of organelle assembly",0.0334442819715961,NA
"687","GO:1902531","negative regulation of canonical Wnt signaling pathway","Up","regulation of intracellular signal transduction",0.0295906670988326,NA
"688","GO:1902533","positive regulation of axon regeneration","Up","positive regulation of intracellular signal transduction",0.00896827939580289,NA
"689","GO:1902646","lipid metabolic process","Up","regulation of 1-phosphatidyl-1D-myo-inositol 4,5-bisphosphate biosynthetic process",0.022023548767238,NA
"690","GO:1902647","lipid metabolic process","Up","negative regulation of 1-phosphatidyl-1D-myo-inositol 4,5-bisphosphate biosynthetic process",0.022023548767238,NA
"691","GO:1902749","mitotic cell cycle","Up","regulation of cell cycle G2/M phase transition",0.0383677225339132,NA
"692","GO:1902850","mitotic cell cycle","Up","microtubule cytoskeleton organization involved in mitosis",0.0306646177775732,NA
"693","GO:1902857","ribosome biogenesis","Up","positive regulation of non-motile cilium assembly",0.0339918473737298,NA
"694","GO:1902882","response to oxidative stress","Up","regulation of response to oxidative stress",0.0409619180900187,NA
"695","GO:1903034","positive regulation of axon regeneration","Up","regulation of response to wounding",0.000253966985372196,NA
"696","GO:1903035","positive regulation of axon regeneration","Up","negative regulation of response to wounding",0.0108099252276317,NA
"697","GO:1903036","positive regulation of axon regeneration","Up","positive regulation of response to wounding",0.000686497826736806,NA
"698","GO:1903051","positive regulation of proteasomal ubiquitin-dependent protein catabolic process","Down","negative regulation of proteolysis involved in protein catabolic process",NA,0.0256309789381747
"699","GO:1903052","positive regulation of proteasomal ubiquitin-dependent protein catabolic process","Up","positive regulation of proteolysis involved in protein catabolic process",0.0375818187449164,NA
"700","GO:1903320","protein modification by small protein conjugation or removal","Up","regulation of protein modification by small protein conjugation or removal",0.0275465735052963,NA
"701","GO:1903322","protein modification by small protein conjugation or removal","Up","positive regulation of protein modification by small protein conjugation or removal",0.0447616387586347,NA
"702","GO:1903706","hemopoiesis","Up","regulation of hemopoiesis",0.0286662941441436,NA
"703","GO:1903725","lipid metabolic process","Up","regulation of phospholipid metabolic process",0.017204480096872,NA
"704","GO:1903829","regulation of calcium ion-dependent exocytosis","Up","positive regulation of protein localization",0.0321930395559496,NA
"705","GO:1903863","P granule assembly","Down","P granule assembly",NA,0.0259859153898317
"706","GO:1903894","positive regulation of axon regeneration","Down","regulation of IRE1-mediated unfolded protein response",NA,0.0418138083755275
"707","GO:1904396","regulation of synaptic assembly at neuromuscular junction","Up","regulation of neuromuscular junction development",0.0250578625690106,NA
"708","GO:1904398","regulation of synaptic assembly at neuromuscular junction","Up","positive regulation of neuromuscular junction development",0.0273825475769836,NA
"709","GO:1904779","regulation of calcium ion-dependent exocytosis","Down","regulation of protein localization to centrosome",NA,0.0377203006305789
"710","GO:1904951","regulation of calcium ion-dependent exocytosis","Up","positive regulation of establishment of protein localization",0.0115778793410573,NA
"711","GO:1905330","morphogenesis of an epithelium","Up","regulation of morphogenesis of an epithelium",0.00686098168836697,NA
"712","GO:1905749","regulation of calcium ion-dependent exocytosis","Up","regulation of endosome to plasma membrane protein transport",0.0476513690523978,NA
"713","GO:1905751","regulation of calcium ion-dependent exocytosis","Up","positive regulation of endosome to plasma membrane protein transport",0.0476513690523978,NA
"714","GO:1905952","protein transport","Up","regulation of lipid localization",0.0445799903843359,NA
"715","GO:1990048","lysosome localization","Down","anterograde neuronal dense core vesicle transport",NA,0.0394495975282839
"716","GO:1990089","cellular response to growth factor stimulus","Up","response to nerve growth factor",0.0342263476728307,NA
"717","GO:1990090","cellular response to growth factor stimulus","Up","cellular response to nerve growth factor stimulus",0.0465454644223433,NA
"718","GO:1990253","cellular response to leucine starvation","Up","cellular response to leucine starvation",0.0476513690523978,NA
"719","GO:2000026","regulation of neurogenesis","Up","regulation of multicellular organismal development",0.0002005286112751,NA
"720","GO:2000027","cell differentiation","Up","regulation of animal organ morphogenesis",0.00779077378651383,NA
"721","GO:2000059","positive regulation of proteasomal ubiquitin-dependent protein catabolic process","Down","negative regulation of ubiquitin-dependent protein catabolic process",NA,0.0137123789879164
"722","GO:2000060","positive regulation of proteasomal ubiquitin-dependent protein catabolic process","Up","positive regulation of ubiquitin-dependent protein catabolic process",0.0156802144824386,NA
"723","GO:2000104","DNA dealkylation involved in DNA repair","Up","negative regulation of DNA-templated DNA replication",0.0196390877720987,NA
"724","GO:2000112","positive regulation of proteasomal ubiquitin-dependent protein catabolic process","Up","regulation of cellular macromolecule biosynthetic process",0.0130255712796561,NA
"725","GO:2000113","positive regulation of proteasomal ubiquitin-dependent protein catabolic process","Up","negative regulation of cellular macromolecule biosynthetic process",0.0150176184722879,NA
"726","GO:2000678","regulation of catalytic activity","Up","negative regulation of transcription regulatory region DNA binding",0.0435481674412193,NA
"727","GO:2001169","ATP biosynthetic process","Down","regulation of ATP biosynthetic process",NA,0.0393817337166465
"728","GO:2001228","response to heat","Down","regulation of response to gamma radiation",NA,0.0348425244708441
"729","GO:2001233","positive regulation of axon regeneration","Up","regulation of apoptotic signaling pathway",0.0175712437707087,NA
"730","GO:2001242","positive regulation of axon regeneration","Up","regulation of intrinsic apoptotic signaling pathway",0.0419782859327705,NA
