"","X","GOterm","over_represented_pvalue","under_represented_pvalue","numDEInCat","numInCat","term","ontology","bh_adjust","ParentTerm","Factor"
"1",3,"GO:0001505",0,1,13,13,"regulation of neurotransmitter levels","BP",0,"regulation of hormone levels","Up"
"2",4,"GO:0001568",0,1,11,11,"blood vessel development","BP",0,"vasculature development","Up"
"3",6,"GO:0001933",0,1,13,13,"negative regulation of protein phosphorylation","BP",0,"purine ribonucleotide metabolic process","Up"
"4",7,"GO:0001944",0,1,11,11,"vasculature development","BP",0,"vasculature development","Up"
"5",8,"GO:0002064",0,1,14,14,"epithelial cell development","BP",0,"epithelial cell development","Up"
"6",11,"GO:0002119",0,1,13,13,"nematode larval development","BP",0,"nematode larval development","Up"
"7",19,"GO:0002521",0,1,11,11,"leukocyte differentiation","BP",0,"cell fate commitment","Up"
"8",22,"GO:0006091",0,1,12,12,"generation of precursor metabolites and energy","BP",0,"generation of precursor metabolites and energy","Up"
"9",23,"GO:0006163",0,1,13,13,"purine nucleotide metabolic process","BP",0,"nucleic acid phosphodiester bond hydrolysis","Up"
"10",24,"GO:0006260",0,1,11,11,"DNA replication","BP",0,"regulation of DNA metabolic process","Up"
"11",25,"GO:0006302",0,1,11,11,"double-strand break repair","BP",0,"double-strand break repair","Up"
"12",26,"GO:0006310",0,1,12,12,"DNA recombination","BP",0,"regulation of DNA metabolic process","Up"
"13",27,"GO:0006364",0,1,11,11,"rRNA processing","BP",0,"nucleic acid phosphodiester bond hydrolysis","Up"
"14",28,"GO:0006397",0,1,12,12,"mRNA processing","BP",0,"nucleic acid phosphodiester bond hydrolysis","Up"
"15",29,"GO:0006412",0,1,13,13,"translation","BP",0,"regulation of amide metabolic process","Up"
"16",31,"GO:0006457",0,1,16,16,"protein folding","BP",0,"protein folding","Up"
"17",32,"GO:0006469",0,1,11,11,"negative regulation of protein kinase activity","BP",0,"regulation of protein binding","Up"
"18",33,"GO:0006511",0,1,13,13,"ubiquitin-dependent protein catabolic process","BP",0,"positive regulation of catabolic process","Up"
"19",34,"GO:0006631",0,1,16,16,"fatty acid metabolic process","BP",0,"regulation of small molecule metabolic process","Up"
"20",36,"GO:0006839",0,1,11,11,"mitochondrial transport","BP",0,"mitochondrial transport","Up"
"21",37,"GO:0006873",0,1,16,16,"intracellular monoatomic ion homeostasis","BP",0,"calcium ion homeostasis","Up"
"22",39,"GO:0006913",0,1,11,11,"nucleocytoplasmic transport","BP",0,"mitochondrial transport","Up"
"23",40,"GO:0007018",0,1,14,14,"microtubule-based movement","BP",0,"microtubule-based movement","Up"
"24",41,"GO:0007051",0,1,12,12,"spindle organization","BP",0,"microtubule-based movement","Up"
"25",42,"GO:0007088",0,1,11,11,"regulation of mitotic nuclear division","BP",0,"positive regulation of chromosome organization","Up"
"26",46,"GO:0007167",0,1,14,14,"enzyme-linked receptor protein signaling pathway","BP",0,"transmembrane receptor protein tyrosine kinase signaling pathway","Up"
"27",47,"GO:0007169",0,1,12,12,"transmembrane receptor protein tyrosine kinase signaling pathway","BP",0,"transmembrane receptor protein tyrosine kinase signaling pathway","Up"
"28",50,"GO:0007411",0,1,16,16,"axon guidance","BP",0,"response to nutrient","Up"
"29",51,"GO:0007507",0,1,13,13,"heart development","BP",0,"vasculature development","Up"
"30",52,"GO:0007517",0,1,11,11,"muscle organ development","BP",0,"muscle organ development","Up"
"31",55,"GO:0007584",0,1,11,11,"response to nutrient","BP",0,"response to nutrient","Up"
"32",57,"GO:0007626",0,1,12,12,"locomotory behavior","BP",0,"locomotory behavior","Up"
"33",60,"GO:0008285",0,1,16,16,"negative regulation of cell population proliferation","BP",0,"negative regulation of cell population proliferation","Up"
"34",61,"GO:0008406",0,1,13,13,"gonad development","BP",0,"development of primary sexual characteristics","Up"
"35",62,"GO:0008610",0,1,16,16,"lipid biosynthetic process","BP",0,"glycerolipid metabolic process","Up"
"36",63,"GO:0009141",0,1,11,11,"nucleoside triphosphate metabolic process","BP",0,"regulation of small molecule metabolic process","Up"
"37",64,"GO:0009150",0,1,13,13,"purine ribonucleotide metabolic process","BP",0,"purine ribonucleotide metabolic process","Up"
"38",67,"GO:0009259",0,1,14,14,"ribonucleotide metabolic process","BP",0,"purine ribonucleotide metabolic process","Up"
"39",68,"GO:0009266",0,1,13,13,"response to temperature stimulus","BP",0,"response to temperature stimulus","Up"
"40",69,"GO:0009416",0,1,16,16,"response to light stimulus","BP",0,"response to temperature stimulus","Up"
"41",70,"GO:0009617",0,1,14,14,"response to bacterium","BP",0,"response to bacterium","Up"
"42",71,"GO:0009636",0,1,16,16,"response to toxic substance","BP",0,"response to toxic substance","Up"
"43",72,"GO:0009886",0,1,15,15,"post-embryonic animal morphogenesis","BP",0,"post-embryonic animal organ morphogenesis","Up"
"44",73,"GO:0009896",0,1,14,14,"positive regulation of catabolic process","BP",0,"positive regulation of catabolic process","Up"
"45",74,"GO:0009987",0,1,294,294,"cellular process","BP",0,"cellular process","Up"
"46",75,"GO:0010035",0,1,14,14,"response to inorganic substance","BP",0,"response to toxic substance","Up"
"47",76,"GO:0010498",0,1,11,11,"proteasomal protein catabolic process","BP",0,"positive regulation of catabolic process","Up"
"48",77,"GO:0010563",0,1,15,15,"negative regulation of phosphorus metabolic process","BP",0,"purine ribonucleotide metabolic process","Up"
"49",78,"GO:0010608",0,1,14,14,"post-transcriptional regulation of gene expression","BP",0,"post-transcriptional regulation of gene expression","Up"
"50",79,"GO:0010721",0,1,15,15,"negative regulation of cell development","BP",0,"positive regulation of neuron differentiation","Up"
"51",80,"GO:0010769",0,1,16,16,"regulation of cell morphogenesis involved in differentiation","BP",0,"post-embryonic animal organ morphogenesis","Up"
"52",82,"GO:0010817",0,1,14,14,"regulation of hormone levels","BP",0,"regulation of hormone levels","Up"
"53",83,"GO:0010948",0,1,12,12,"negative regulation of cell cycle process","BP",0,"positive regulation of cell cycle","Up"
"54",85,"GO:0010952",0,1,12,12,"positive regulation of peptidase activity","BP",0,"regulation of protein binding","Up"
"55",86,"GO:0010976",0,1,15,15,"positive regulation of neuron projection development","BP",0,"regulation of dendrite development","Up"
"56",88,"GO:0016042",0,1,11,11,"lipid catabolic process","BP",0,"glycerolipid metabolic process","Up"
"57",89,"GO:0016050",0,1,14,14,"vesicle organization","BP",0,"vesicle organization","Up"
"58",90,"GO:0016054",0,1,11,11,"organic acid catabolic process","BP",0,"regulation of small molecule metabolic process","Up"
"59",91,"GO:0016072",0,1,11,11,"rRNA metabolic process","BP",0,"nucleic acid phosphodiester bond hydrolysis","Up"
"60",92,"GO:0016567",0,1,13,13,"protein ubiquitination","BP",0,"protein autophosphorylation","Up"
"61",93,"GO:0016570",0,1,13,13,"histone modification","BP",0,"protein autophosphorylation","Up"
"62",95,"GO:0019439",0,1,12,12,"aromatic compound catabolic process","BP",0,"positive regulation of catabolic process","Up"
"63",96,"GO:0019693",0,1,14,14,"ribose phosphate metabolic process","BP",0,"purine ribonucleotide metabolic process","Up"
"64",97,"GO:0019941",0,1,13,13,"modification-dependent protein catabolic process","BP",0,"positive regulation of catabolic process","Up"
"65",100,"GO:0021700",0,1,14,14,"developmental maturation","BP",0,"developmental maturation","Up"
"66",101,"GO:0030001",0,1,13,13,"metal ion transport","BP",0,"mitochondrial transport","Up"
"67",102,"GO:0030003",0,1,14,14,"intracellular monoatomic cation homeostasis","BP",0,"calcium ion homeostasis","Up"
"68",103,"GO:0030029",0,1,13,13,"actin filament-based process","BP",0,"actin cytoskeleton organization","Up"
"69",104,"GO:0030031",0,1,14,14,"cell projection assembly","BP",0,"regulation of dendrite development","Up"
"70",105,"GO:0030036",0,1,11,11,"actin cytoskeleton organization","BP",0,"actin cytoskeleton organization","Up"
"71",106,"GO:0030100",0,1,12,12,"regulation of endocytosis","BP",0,"regulation of endocytosis","Up"
"72",107,"GO:0030155",0,1,13,13,"regulation of cell adhesion","BP",0,"regulation of cell adhesion","Up"
"73",108,"GO:0030163",0,1,16,16,"protein catabolic process","BP",0,"positive regulation of catabolic process","Up"
"74",109,"GO:0030334",0,1,14,14,"regulation of cell migration","BP",0,"regulation of cell motility","Up"
"75",110,"GO:0030855",0,1,15,15,"epithelial cell differentiation","BP",0,"epithelial cell development","Up"
"76",113,"GO:0031331",0,1,11,11,"positive regulation of cellular catabolic process","BP",0,"positive regulation of catabolic process","Up"
"77",115,"GO:0031396",0,1,12,12,"regulation of protein ubiquitination","BP",0,"post-transcriptional regulation of gene expression","Up"
"78",116,"GO:0032101",0,1,13,13,"regulation of response to external stimulus","BP",0,"regulation of response to external stimulus","Up"
"79",118,"GO:0032386",0,1,14,14,"regulation of intracellular transport","BP",0,"regulation of endocytosis","Up"
"80",119,"GO:0032446",0,1,15,15,"protein modification by small protein conjugation","BP",0,"protein autophosphorylation","Up"
"81",120,"GO:0032535",0,1,15,15,"regulation of cellular component size","BP",0,"regulation of hormone levels","Up"
"82",121,"GO:0032984",0,1,12,12,"protein-containing complex disassembly","BP",0,"vesicle organization","Up"
"83",122,"GO:0033157",0,1,12,12,"regulation of intracellular protein transport","BP",0,"regulation of endocytosis","Up"
"84",123,"GO:0033673",0,1,12,12,"negative regulation of kinase activity","BP",0,"regulation of protein binding","Up"
"85",124,"GO:0033674",0,1,11,11,"positive regulation of kinase activity","BP",0,"regulation of protein binding","Up"
"86",125,"GO:0034248",0,1,14,14,"regulation of amide metabolic process","BP",0,"regulation of amide metabolic process","Up"
"87",127,"GO:0034655",0,1,11,11,"nucleobase-containing compound catabolic process","BP",0,"positive regulation of catabolic process","Up"
"88",133,"GO:0040007",0,1,16,16,"growth","BP",0,"positive regulation of growth","Up"
"89",134,"GO:0040017",0,1,13,13,"positive regulation of locomotion","BP",0,"positive regulation of locomotion","Up"
"90",135,"GO:0040029",0,1,14,14,"epigenetic regulation of gene expression","BP",0,"regulation of chromatin organization","Up"
"91",137,"GO:0042176",0,1,14,14,"regulation of protein catabolic process","BP",0,"positive regulation of catabolic process","Up"
"92",138,"GO:0042254",0,1,13,13,"ribosome biogenesis","BP",0,"vesicle organization","Up"
"93",139,"GO:0042326",0,1,14,14,"negative regulation of phosphorylation","BP",0,"purine ribonucleotide metabolic process","Up"
"94",140,"GO:0043010",0,1,11,11,"camera-type eye development","BP",0,"gland development","Up"
"95",141,"GO:0043043",0,1,13,13,"peptide biosynthetic process","BP",0,"regulation of amide metabolic process","Up"
"96",142,"GO:0043087",0,1,12,12,"regulation of GTPase activity","BP",0,"regulation of protein binding","Up"
"97",143,"GO:0043161",0,1,11,11,"proteasome-mediated ubiquitin-dependent protein catabolic process","BP",0,"positive regulation of catabolic process","Up"
"98",146,"GO:0043393",0,1,11,11,"regulation of protein binding","BP",0,"regulation of protein binding","Up"
"99",147,"GO:0043405",0,1,13,13,"regulation of MAP kinase activity","BP",0,"regulation of protein binding","Up"
"100",150,"GO:0043632",0,1,14,14,"modification-dependent macromolecule catabolic process","BP",0,"positive regulation of catabolic process","Up"
"101",152,"GO:0044057",0,1,15,15,"regulation of system process","BP",0,"cognition","Up"
"102",153,"GO:0044242",0,1,11,11,"cellular lipid catabolic process","BP",0,"glycerolipid metabolic process","Up"
"103",154,"GO:0044270",0,1,11,11,"cellular nitrogen compound catabolic process","BP",0,"positive regulation of catabolic process","Up"
"104",155,"GO:0044282",0,1,13,13,"small molecule catabolic process","BP",0,"regulation of small molecule metabolic process","Up"
"105",156,"GO:0044403",0,1,13,13,"biological process involved in symbiotic interaction","BP",0,"biological process involved in interspecies interaction between organisms","Up"
"106",157,"GO:0044419",0,1,13,13,"biological process involved in interspecies interaction between organisms","BP",0,"biological process involved in interspecies interaction between organisms","Up"
"107",158,"GO:0044782",0,1,14,14,"cilium organization","BP",0,"regulation of dendrite development","Up"
"108",160,"GO:0045132",0,1,11,11,"meiotic chromosome segregation","BP",0,"positive regulation of cell cycle","Up"
"109",161,"GO:0045137",0,1,13,13,"development of primary sexual characteristics","BP",0,"development of primary sexual characteristics","Up"
"110",162,"GO:0045165",0,1,11,11,"cell fate commitment","BP",0,"cell fate commitment","Up"
"111",164,"GO:0045666",0,1,15,15,"positive regulation of neuron differentiation","BP",0,"positive regulation of neuron differentiation","Up"
"112",165,"GO:0045787",0,1,11,11,"positive regulation of cell cycle","BP",0,"positive regulation of cell cycle","Up"
"113",166,"GO:0045860",0,1,11,11,"positive regulation of protein kinase activity","BP",0,"regulation of protein binding","Up"
"114",168,"GO:0045927",0,1,13,13,"positive regulation of growth","BP",0,"positive regulation of growth","Up"
"115",169,"GO:0045930",0,1,12,12,"negative regulation of mitotic cell cycle","BP",0,"positive regulation of cell cycle","Up"
"116",170,"GO:0045936",0,1,15,15,"negative regulation of phosphate metabolic process","BP",0,"purine ribonucleotide metabolic process","Up"
"117",171,"GO:0046395",0,1,11,11,"carboxylic acid catabolic process","BP",0,"regulation of small molecule metabolic process","Up"
"118",172,"GO:0046486",0,1,12,12,"glycerolipid metabolic process","BP",0,"glycerolipid metabolic process","Up"
"119",173,"GO:0046649",0,1,11,11,"lymphocyte activation","BP",0,"lymphocyte activation","Up"
"120",175,"GO:0046700",0,1,11,11,"heterocycle catabolic process","BP",0,"positive regulation of catabolic process","Up"
"121",176,"GO:0046777",0,1,11,11,"protein autophosphorylation","BP",0,"protein autophosphorylation","Up"
"122",182,"GO:0048563",0,1,15,15,"post-embryonic animal organ morphogenesis","BP",0,"post-embryonic animal organ morphogenesis","Up"
"123",183,"GO:0048568",0,1,16,16,"embryonic organ development","BP",0,"gland development","Up"
"124",184,"GO:0048589",0,1,16,16,"developmental growth","BP",0,"positive regulation of growth","Up"
"125",185,"GO:0048592",0,1,12,12,"eye morphogenesis","BP",0,"gland development","Up"
"126",186,"GO:0048638",0,1,14,14,"regulation of developmental growth","BP",0,"positive regulation of growth","Up"
"127",188,"GO:0048732",0,1,13,13,"gland development","BP",0,"gland development","Up"
"128",192,"GO:0050768",0,1,14,14,"negative regulation of neurogenesis","BP",0,"negative regulation of neurogenesis","Up"
"129",193,"GO:0050773",0,1,13,13,"regulation of dendrite development","BP",0,"regulation of dendrite development","Up"
"130",194,"GO:0050776",0,1,15,15,"regulation of immune response","BP",0,"regulation of immune response","Up"
"131",196,"GO:0050803",0,1,12,12,"regulation of synapse structure or activity","BP",0,"regulation of hormone levels","Up"
"132",198,"GO:0050807",0,1,11,11,"regulation of synapse organization","BP",0,"regulation of hormone levels","Up"
"133",200,"GO:0050890",0,1,11,11,"cognition","BP",0,"cognition","Up"
"134",201,"GO:0051046",0,1,15,15,"regulation of secretion","BP",0,"regulation of secretion by cell","Up"
"135",203,"GO:0051052",0,1,16,16,"regulation of DNA metabolic process","BP",0,"regulation of DNA metabolic process","Up"
"136",204,"GO:0051098",0,1,13,13,"regulation of binding","BP",0,"regulation of protein binding","Up"
"137",206,"GO:0051169",0,1,11,11,"nuclear transport","BP",0,"mitochondrial transport","Up"
"138",207,"GO:0051222",0,1,14,14,"positive regulation of protein transport","BP",0,"regulation of endocytosis","Up"
"139",209,"GO:0051259",0,1,13,13,"protein complex oligomerization","BP",0,"vesicle organization","Up"
"140",210,"GO:0051346",0,1,11,11,"negative regulation of hydrolase activity","BP",0,"regulation of protein binding","Up"
"141",211,"GO:0051347",0,1,16,16,"positive regulation of transferase activity","BP",0,"regulation of protein binding","Up"
"142",212,"GO:0051348",0,1,13,13,"negative regulation of transferase activity","BP",0,"regulation of protein binding","Up"
"143",213,"GO:0051493",0,1,13,13,"regulation of cytoskeleton organization","BP",0,"positive regulation of chromosome organization","Up"
"144",214,"GO:0051603",0,1,14,14,"proteolysis involved in protein catabolic process","BP",0,"positive regulation of catabolic process","Up"
"145",215,"GO:0051604",0,1,11,11,"protein maturation","BP",0,"protein maturation","Up"
"146",216,"GO:0051606",0,1,11,11,"detection of stimulus","BP",0,"detection of stimulus","Up"
"147",217,"GO:0051648",0,1,11,11,"vesicle localization","BP",0,"vesicle localization","Up"
"148",218,"GO:0051650",0,1,11,11,"establishment of vesicle localization","BP",0,"vesicle localization","Up"
"149",219,"GO:0051783",0,1,11,11,"regulation of nuclear division","BP",0,"positive regulation of chromosome organization","Up"
"150",220,"GO:0052548",0,1,16,16,"regulation of endopeptidase activity","BP",0,"post-transcriptional regulation of gene expression","Up"
"151",221,"GO:0055074",0,1,11,11,"calcium ion homeostasis","BP",0,"calcium ion homeostasis","Up"
"152",222,"GO:0055080",0,1,16,16,"monoatomic cation homeostasis","BP",0,"calcium ion homeostasis","Up"
"153",223,"GO:0055082",0,1,16,16,"intracellular chemical homeostasis","BP",0,"calcium ion homeostasis","Up"
"154",224,"GO:0060271",0,1,13,13,"cilium assembly","BP",0,"regulation of dendrite development","Up"
"155",225,"GO:0061351",0,1,11,11,"neural precursor cell proliferation","BP",0,"negative regulation of cell population proliferation","Up"
"156",227,"GO:0062012",0,1,12,12,"regulation of small molecule metabolic process","BP",0,"regulation of small molecule metabolic process","Up"
"157",230,"GO:0071345",0,1,16,16,"cellular response to cytokine stimulus","BP",0,"response to toxic substance","Up"
"158",232,"GO:0071407",0,1,12,12,"cellular response to organic cyclic compound","BP",0,"response to toxic substance","Up"
"159",233,"GO:0071417",0,1,14,14,"cellular response to organonitrogen compound","BP",0,"response to toxic substance","Up"
"160",234,"GO:0071824",0,1,11,11,"protein-DNA complex subunit organization","BP",0,"vesicle organization","Up"
"161",236,"GO:0072521",0,1,14,14,"purine-containing compound metabolic process","BP",0,"nucleic acid phosphodiester bond hydrolysis","Up"
"162",237,"GO:0072594",0,1,16,16,"establishment of protein localization to organelle","BP",0,"mitochondrial transport","Up"
"163",238,"GO:0090305",0,1,12,12,"nucleic acid phosphodiester bond hydrolysis","BP",0,"nucleic acid phosphodiester bond hydrolysis","Up"
"164",239,"GO:0090407",0,1,16,16,"organophosphate biosynthetic process","BP",0,"purine ribonucleotide metabolic process","Up"
"165",240,"GO:0090596",0,1,15,15,"sensory organ morphogenesis","BP",0,"gland development","Up"
"166",241,"GO:0097190",0,1,12,12,"apoptotic signaling pathway","BP",0,"apoptotic signaling pathway","Up"
"167",244,"GO:0098655",0,1,14,14,"monoatomic cation transmembrane transport","BP",0,"mitochondrial transport","Up"
"168",245,"GO:0098660",0,1,15,15,"inorganic ion transmembrane transport","BP",0,"mitochondrial transport","Up"
"169",246,"GO:0098662",0,1,14,14,"inorganic cation transmembrane transport","BP",0,"mitochondrial transport","Up"
"170",247,"GO:0098813",0,1,16,16,"nuclear chromosome segregation","BP",0,"positive regulation of cell cycle","Up"
"171",249,"GO:0099003",0,1,11,11,"vesicle-mediated transport in synapse","BP",0,"vesicle-mediated transport in synapse","Up"
"172",251,"GO:0099536",0,1,11,11,"synaptic signaling","BP",0,"trans-synaptic signaling","Up"
"173",252,"GO:0099537",0,1,11,11,"trans-synaptic signaling","BP",0,"trans-synaptic signaling","Up"
"174",253,"GO:0120031",0,1,14,14,"plasma membrane bounded cell projection assembly","BP",0,"regulation of dendrite development","Up"
"175",256,"GO:1901361",0,1,12,12,"organic cyclic compound catabolic process","BP",0,"positive regulation of catabolic process","Up"
"176",257,"GO:1901615",0,1,12,12,"organic hydroxy compound metabolic process","BP",0,"organic hydroxy compound metabolic process","Up"
"177",258,"GO:1901699",0,1,14,14,"cellular response to nitrogen compound","BP",0,"response to toxic substance","Up"
"178",259,"GO:1901987",0,1,16,16,"regulation of cell cycle phase transition","BP",0,"positive regulation of cell cycle","Up"
"179",260,"GO:1901990",0,1,13,13,"regulation of mitotic cell cycle phase transition","BP",0,"positive regulation of cell cycle","Up"
"180",261,"GO:1902115",0,1,12,12,"regulation of organelle assembly","BP",0,"vesicle organization","Up"
"181",262,"GO:1902275",0,1,13,13,"regulation of chromatin organization","BP",0,"regulation of chromatin organization","Up"
"182",264,"GO:1903320",0,1,15,15,"regulation of protein modification by small protein conjugation or removal","BP",0,"post-transcriptional regulation of gene expression","Up"
"183",266,"GO:1903530",0,1,13,13,"regulation of secretion by cell","BP",0,"regulation of secretion by cell","Up"
"184",267,"GO:1903706",0,1,13,13,"regulation of hemopoiesis","BP",0,"cell fate commitment","Up"
"185",268,"GO:1903829",0,1,14,14,"positive regulation of protein localization","BP",0,"regulation of endocytosis","Up"
"186",269,"GO:1904951",0,1,15,15,"positive regulation of establishment of protein localization","BP",0,"regulation of endocytosis","Up"
"187",271,"GO:2000145",0,1,14,14,"regulation of cell motility","BP",0,"regulation of cell motility","Up"
"188",273,"GO:2001233",0,1,15,15,"regulation of apoptotic signaling pathway","BP",0,"apoptotic signaling pathway","Up"
"189",274,"GO:2001251",0,1,11,11,"negative regulation of chromosome organization","BP",0,"positive regulation of chromosome organization","Up"
"190",275,"GO:2001252",0,1,11,11,"positive regulation of chromosome organization","BP",0,"positive regulation of chromosome organization","Up"
"191",276,"GO:0065007",9.42469124636902e-306,1,243,243,"biological regulation","BP",1.75676244832319e-304,"biological regulation","Up"
"192",277,"GO:0050789",1.5206778963348e-282,1,226,226,"regulation of biological process","BP",2.81950623219635e-281,"biological regulation","Up"
"193",278,"GO:0050794",3.3145970158803e-262,1,211,211,"regulation of cellular process","BP",6.06519192172861e-261,"biological regulation","Up"
"194",279,"GO:0008152",1.56277633741388e-260,1,209,209,"metabolic process","BP",2.85216882467964e-259,"metabolic process","Up"
"195",280,"GO:0071704",4.24252733869267e-255,1,205,205,"organic substance metabolic process","BP",7.722725546214e-254,"metabolic process","Up"
"196",281,"GO:0044237",5.88332998733132e-250,1,201,201,"cellular metabolic process","BP",1.06816822367392e-248,"metabolic process","Up"
"197",282,"GO:0044238",1.48122729967869e-244,1,197,197,"primary metabolic process","BP",2.6823261204026e-243,"metabolic process","Up"
"198",283,"GO:0006807",6.98699762235405e-226,1,183,183,"nitrogen compound metabolic process","BP",1.26199259380503e-224,"metabolic process","Up"
"199",284,"GO:0032501",4.98102462437293e-224,1,182,182,"multicellular organismal process","BP",8.97354693926978e-223,"locomotory behavior","Up"
"200",285,"GO:0071840",1.88060975748798e-208,1,170,170,"cellular component organization or biogenesis","BP",3.37063133457461e-207,"vesicle organization","Up"
"201",286,"GO:0032502",1.64009690382025e-199,1,163,163,"developmental process","BP",2.93204024493697e-198,"nematode larval development","Up"
"202",287,"GO:0043170",8.94958037799366e-199,1,162,162,"macromolecule metabolic process","BP",1.59585629699428e-197,"metabolic process","Up"
"203",288,"GO:0016043",1.22177353997036e-196,1,161,161,"cellular component organization","BP",2.17307812834422e-195,"vesicle organization","Up"
"204",289,"GO:0048856",1.39604896047554e-195,1,160,160,"anatomical structure development","BP",2.47674675982842e-194,"nematode larval development","Up"
"205",290,"GO:0050896",7.14676450972861e-193,1,158,158,"response to stimulus","BP",1.26470592210134e-191,"detection of stimulus","Up"
"206",291,"GO:0007275",3.73757380857054e-184,1,151,151,"multicellular organism development","BP",6.58076597529171e-183,"nematode larval development","Up"
"207",292,"GO:0048518",1.51334620885794e-181,1,149,149,"positive regulation of biological process","BP",2.65786180902437e-180,"positive regulation of biological process","Up"
"208",293,"GO:0019222",4.82284886849553e-173,1,142,142,"regulation of metabolic process","BP",8.38599840566761e-172,"post-transcriptional regulation of gene expression","Up"
"209",294,"GO:0048522",2.19376412136047e-171,1,141,141,"positive regulation of cellular process","BP",3.80506481595774e-170,"positive regulation of biological process","Up"
"210",295,"GO:0031323",9.84772242413725e-163,1,134,134,"regulation of cellular metabolic process","BP",1.69545762918028e-161,"post-transcriptional regulation of gene expression","Up"
"211",296,"GO:0044260",7.94109029082768e-162,1,133,133,"cellular macromolecule metabolic process","BP",1.36383835707335e-160,"regulation of DNA metabolic process","Up"
"212",297,"GO:0048519",8.90513228052067e-159,1,131,131,"negative regulation of biological process","BP",1.52565869217744e-157,"negative regulation of biological process","Up"
"213",298,"GO:0048731",1.18333914812397e-158,1,131,131,"system development","BP",2.02238157588914e-157,"vasculature development","Up"
"214",299,"GO:0060255",1.86652566923268e-156,1,129,129,"regulation of macromolecule metabolic process","BP",3.1821986409601e-155,"post-transcriptional regulation of gene expression","Up"
"215",300,"GO:0080090",2.03988504503122e-156,1,129,129,"regulation of primary metabolic process","BP",3.46929354373922e-155,"post-transcriptional regulation of gene expression","Up"
"216",301,"GO:0051171",2.9241867610058e-155,1,128,128,"regulation of nitrogen compound metabolic process","BP",4.96118093675499e-154,"post-transcriptional regulation of gene expression","Up"
"217",302,"GO:0051179",1.43382139257931e-153,1,127,127,"localization","BP",2.42673402763423e-152,"mitochondrial transport","Up"
"218",303,"GO:1901564",3.32605507491802e-149,1,123,123,"organonitrogen compound metabolic process","BP",5.60219878883781e-148,"protein maturation","Up"
"219",304,"GO:0006996",7.73799885208062e-145,1,120,120,"organelle organization","BP",1.29708901621207e-143,"vesicle organization","Up"
"220",305,"GO:0034641",5.35833907526195e-144,1,119,119,"cellular nitrogen compound metabolic process","BP",8.9604761091103e-143,"metabolic process","Up"
"221",306,"GO:0048523",1.05299651277501e-143,1,119,119,"negative regulation of cellular process","BP",1.75666960007096e-142,"negative regulation of biological process","Up"
"222",307,"GO:0051716",4.50821121242633e-141,1,117,117,"cellular response to stimulus","BP",7.4497390957116e-140,"detection of stimulus","Up"
"223",308,"GO:1901360",1.14289752955598e-131,1,109,109,"organic cyclic compound metabolic process","BP",1.87973028978737e-130,"nucleic acid phosphodiester bond hydrolysis","Up"
"224",309,"GO:0006725",2.239006823441e-125,1,104,104,"cellular aromatic compound metabolic process","BP",3.67386330888559e-124,"metabolic process","Up"
"225",310,"GO:0048869",2.7761442055253e-122,1,102,102,"cellular developmental process","BP",4.54455456595359e-121,"cell fate commitment","Up"
"226",311,"GO:0046483",1.19185926587399e-121,1,101,101,"heterocycle metabolic process","BP",1.94198048215831e-120,"nucleic acid phosphodiester bond hydrolysis","Up"
"227",312,"GO:0048513",2.09252378327217e-121,1,101,101,"animal organ development","BP",3.39367546289384e-120,"gland development","Up"
"228",313,"GO:0030154",4.65546697470731e-121,1,101,101,"cell differentiation","BP",7.53280420213059e-120,"cell fate commitment","Up"
"229",314,"GO:0019538",2.21173638014141e-119,1,99,99,"protein metabolic process","BP",3.5704474127456e-118,"protein maturation","Up"
"230",315,"GO:0006139",3.27987581327459e-119,1,99,99,"nucleobase-containing compound metabolic process","BP",5.28256496193304e-118,"nucleic acid phosphodiester bond hydrolysis","Up"
"231",316,"GO:0065008",6.20716817936919e-119,1,99,99,"regulation of biological quality","BP",9.97427714340015e-118,"regulation of hormone levels","Up"
"232",317,"GO:0048583",8.0460573188849e-119,1,99,99,"regulation of response to stimulus","BP",1.28995276740838e-117,"regulation of response to external stimulus","Up"
"233",318,"GO:0009893",7.2558351045992e-113,1,94,94,"positive regulation of metabolic process","BP",1.16060154190271e-111,"positive regulation of biological process","Up"
"234",319,"GO:0051234",2.68334167406207e-111,1,93,93,"establishment of localization","BP",4.28231924696207e-110,"mitochondrial transport","Up"
"235",320,"GO:0007154",4.5839554801328e-109,1,91,91,"cell communication","BP",7.29882660731852e-108,"trans-synaptic signaling","Up"
"236",321,"GO:0044085",1.83792809430381e-105,1,88,88,"cellular component biogenesis","BP",2.91317854403257e-104,"vesicle organization","Up"
"237",322,"GO:0006810",3.27113317194128e-105,1,88,88,"transport","BP",5.17312689408813e-104,"mitochondrial transport","Up"
"238",323,"GO:0031325",2.22207624806505e-104,1,87,87,"positive regulation of cellular metabolic process","BP",3.50616545687916e-103,"positive regulation of biological process","Up"
"239",324,"GO:0006950",6.70583431642958e-104,1,87,87,"response to stress","BP",1.05571580792439e-102,"double-strand break repair","Up"
"240",325,"GO:0051128",7.3161477129015e-104,1,87,87,"regulation of cellular component organization","BP",1.14921061827374e-102,"positive regulation of chromosome organization","Up"
"241",326,"GO:0023052",5.26243963694361e-103,1,86,86,"signaling","BP",8.24763521574795e-102,"transmembrane receptor protein tyrosine kinase signaling pathway","Up"
"242",327,"GO:0010604",9.38524594599425e-102,1,85,85,"positive regulation of macromolecule metabolic process","BP",1.46762570833333e-100,"positive regulation of biological process","Up"
"243",328,"GO:0023051",1.5475297466957e-100,1,84,84,"regulation of signaling","BP",2.41456092174173e-99,"transmembrane receptor protein tyrosine kinase signaling pathway","Up"
"244",329,"GO:0010468",1.62864686196471e-100,1,84,84,"regulation of gene expression","BP",2.53546582742391e-99,"post-transcriptional regulation of gene expression","Up"
"245",330,"GO:0042221",1.73660248909435e-100,1,84,84,"response to chemical","BP",2.69752253305988e-99,"response to toxic substance","Up"
"246",331,"GO:0051173",1.50929513330559e-99,1,83,83,"positive regulation of nitrogen compound metabolic process","BP",2.33924012900356e-98,"positive regulation of biological process","Up"
"247",332,"GO:0009889",2.27623009579416e-99,1,83,83,"regulation of biosynthetic process","BP",3.52009919681442e-98,"post-transcriptional regulation of gene expression","Up"
"248",333,"GO:0010646",2.49167819578917e-99,1,83,83,"regulation of cell communication","BP",3.84477496436342e-98,"trans-synaptic signaling","Up"
"249",334,"GO:0000003",7.35487379069727e-99,1,83,83,"reproduction","BP",1.13239136116683e-97,"development of primary sexual characteristics","Up"
"250",335,"GO:0051239",5.74157403888169e-98,1,82,82,"regulation of multicellular organismal process","BP",8.80122862539101e-97,"negative regulation of neurogenesis","Up"
"251",336,"GO:0031326",5.86907137694903e-97,1,81,81,"regulation of cellular biosynthetic process","BP",8.97698225927215e-96,"post-transcriptional regulation of gene expression","Up"
"252",337,"GO:0019219",6.44121547991264e-97,1,81,81,"regulation of nucleobase-containing compound metabolic process","BP",9.83058869095837e-96,"post-transcriptional regulation of gene expression","Up"
"253",338,"GO:0022414",2.10368280330111e-96,1,81,81,"reproductive process","BP",3.20364766777228e-95,"development of primary sexual characteristics","Up"
"254",339,"GO:0051246",5.93574151187531e-96,1,80,80,"regulation of protein metabolic process","BP",9.0197463408714e-95,"post-transcriptional regulation of gene expression","Up"
"255",340,"GO:0051641",1.39508984031134e-95,1,80,80,"cellular localization","BP",2.115331449843e-94,"mitochondrial transport","Up"
"256",341,"GO:0090304",1.36833447718554e-94,1,79,79,"nucleic acid metabolic process","BP",2.0702722934041e-93,"nucleic acid phosphodiester bond hydrolysis","Up"
"257",342,"GO:0009653",1.86593802532192e-94,1,79,79,"anatomical structure morphogenesis","BP",2.79890703798288e-93,"post-embryonic animal organ morphogenesis","Up"
"258",343,"GO:0009966",2.90454549688102e-93,1,78,78,"regulation of signal transduction","BP",4.34748887006388e-92,"transmembrane receptor protein tyrosine kinase signaling pathway","Up"
"259",344,"GO:0022607",4.47661760088472e-93,1,78,78,"cellular component assembly","BP",6.68623013465475e-92,"vesicle organization","Up"
"260",345,"GO:0007399",6.84642045011994e-93,1,78,78,"nervous system development","BP",1.02039400738461e-91,"vasculature development","Up"
"261",346,"GO:0009058",2.61201943473259e-92,1,77,77,"biosynthetic process","BP",3.88468422314485e-91,"biosynthetic process","Up"
"262",347,"GO:0043412",2.63701591657754e-91,1,76,76,"macromolecule modification","BP",3.90524179171123e-90,"protein autophosphorylation","Up"
"263",348,"GO:0065009",3.37689048173506e-91,1,76,76,"regulation of molecular function","BP",4.99037303749007e-90,"regulation of protein binding","Up"
"264",349,"GO:1901576",4.15280326877993e-91,1,76,76,"organic substance biosynthetic process","BP",6.12407064320079e-90,"biosynthetic process","Up"
"265",350,"GO:0007165",1.11963775293468e-89,1,75,75,"signal transduction","BP",1.64763534589757e-88,"transmembrane receptor protein tyrosine kinase signaling pathway","Up"
"266",351,"GO:0044249",1.53059926442714e-88,1,74,74,"cellular biosynthetic process","BP",2.24766572654321e-87,"biosynthetic process","Up"
"267",352,"GO:0010556",2.46418688376861e-88,1,74,74,"regulation of macromolecule biosynthetic process","BP",3.61104115671753e-87,"post-transcriptional regulation of gene expression","Up"
"268",353,"GO:0051252",6.30923206347842e-86,1,72,72,"regulation of RNA metabolic process","BP",9.22626195056782e-85,"post-transcriptional regulation of gene expression","Up"
"269",354,"GO:2000112",9.873243489402e-85,1,71,71,"regulation of cellular macromolecule biosynthetic process","BP",1.44079273467474e-83,"regulation of DNA metabolic process","Up"
"270",355,"GO:0050793",1.16485282518223e-84,1,71,71,"regulation of developmental process","BP",1.69631692667162e-83,"positive regulation of neuron differentiation","Up"
"271",356,"GO:0009892",2.97606758117879e-82,1,69,69,"negative regulation of metabolic process","BP",4.31591543411613e-81,"negative regulation of biological process","Up"
"272",357,"GO:0036211",1.21875684641232e-81,1,68,68,"protein modification process","BP",1.76014676785581e-80,"protein autophosphorylation","Up"
"273",358,"GO:0032879",6.17401119496604e-81,1,68,68,"regulation of localization","BP",8.89821407274487e-80,"regulation of endocytosis","Up"
"274",359,"GO:0032504",1.32755791206254e-79,1,67,67,"multicellular organism reproduction","BP",1.90938884883069e-78,"development of primary sexual characteristics","Up"
"275",360,"GO:0048468",1.16203217077178e-78,1,66,66,"cell development","BP",1.66788601102562e-77,"cell fate commitment","Up"
"276",361,"GO:0048609",2.07497458454698e-78,1,66,66,"multicellular organismal reproductive process","BP",2.97214597253757e-77,"development of primary sexual characteristics","Up"
"277",362,"GO:1903506",1.92616334650385e-77,1,65,65,"regulation of nucleic acid-templated transcription","BP",2.742134784534e-76,"post-transcriptional regulation of gene expression","Up"
"278",363,"GO:2001141",1.92616334650385e-77,1,65,65,"regulation of RNA biosynthetic process","BP",2.742134784534e-76,"post-transcriptional regulation of gene expression","Up"
"279",364,"GO:0010467",2.39151587915376e-77,1,65,65,"gene expression","BP",3.39770243806601e-76,"protein maturation","Up"
"280",365,"GO:0010605",2.61586969333501e-77,1,65,65,"negative regulation of macromolecule metabolic process","BP",3.70891057939386e-76,"negative regulation of biological process","Up"
"281",366,"GO:0044703",8.27546049496508e-75,1,63,63,"multi-organism reproductive process","BP",1.1638927335977e-73,"development of primary sexual characteristics","Up"
"282",367,"GO:0022008",8.47357835794983e-75,1,63,63,"neurogenesis","BP",1.1893637092785e-73,"vasculature development","Up"
"283",368,"GO:0033036",6.75574567759223e-74,1,62,62,"macromolecule localization","BP",9.463459376026e-73,"mitochondrial transport","Up"
"284",369,"GO:0006355",7.3651101086254e-74,1,62,62,"regulation of DNA-templated transcription","BP",1.02964239318583e-72,"post-transcriptional regulation of gene expression","Up"
"285",370,"GO:0051649",1.03328728377795e-73,1,62,62,"establishment of localization in cell","BP",1.4387805007187e-72,"mitochondrial transport","Up"
"286",371,"GO:0019953",1.28459045286241e-73,1,62,62,"sexual reproduction","BP",1.78514657365969e-72,"development of primary sexual characteristics","Up"
"287",372,"GO:0031324",1.19214708059523e-72,1,61,61,"negative regulation of cellular metabolic process","BP",1.65339446296838e-71,"negative regulation of biological process","Up"
"288",373,"GO:2000026",1.40156008367587e-72,1,61,61,"regulation of multicellular organismal development","BP",1.9399811851276e-71,"negative regulation of neurogenesis","Up"
"289",374,"GO:0051172",1.84413058921482e-71,1,60,60,"negative regulation of nitrogen compound metabolic process","BP",2.54752427245288e-70,"negative regulation of biological process","Up"
"290",375,"GO:0050790",9.94347123537563e-71,1,59,59,"regulation of catalytic activity","BP",1.370904614108e-69,"regulation of protein binding","Up"
"291",376,"GO:0043933",2.61930753659628e-70,1,59,59,"protein-containing complex organization","BP",3.6041259214189e-69,"vesicle organization","Up"
"292",377,"GO:0008104",3.98028993678777e-69,1,58,58,"protein localization","BP",5.46605631790698e-68,"mitochondrial transport","Up"
"293",378,"GO:0048699",8.7618268386648e-69,1,58,58,"generation of neurons","BP",1.19853560865493e-67,"vasculature development","Up"
"294",379,"GO:0006793",2.48748088563318e-68,1,57,57,"phosphorus metabolic process","BP",3.39599441222186e-67,"purine ribonucleotide metabolic process","Up"
"295",380,"GO:0006796",3.8191542598564e-67,1,56,56,"phosphate-containing compound metabolic process","BP",5.20387685699732e-66,"purine ribonucleotide metabolic process","Up"
"296",381,"GO:0010033",1.40583069201263e-66,1,56,56,"response to organic substance","BP",1.90810806546957e-65,"response to toxic substance","Up"
"297",382,"GO:0007276",1.79289919250056e-66,1,56,56,"gamete generation","BP",2.42875297588739e-65,"development of primary sexual characteristics","Up"
"298",383,"GO:0009605",2.29499849242613e-66,1,56,56,"response to external stimulus","BP",3.10290898685855e-65,"response to nutrient","Up"
"299",384,"GO:0009888",1.18568071458029e-65,1,55,55,"tissue development","BP",1.59998227701085e-64,"epithelial cell development","Up"
"300",385,"GO:0031399",3.86321074337815e-63,1,53,53,"regulation of protein modification process","BP",5.19304674927179e-62,"post-transcriptional regulation of gene expression","Up"
"301",386,"GO:0045595",4.0708654145025e-63,1,53,53,"regulation of cell differentiation","BP",5.46167931811371e-62,"positive regulation of neuron differentiation","Up"
"302",387,"GO:0046907",5.29137789524762e-63,1,53,53,"intracellular transport","BP",7.08558074478561e-62,"mitochondrial transport","Up"
"303",388,"GO:0009056",2.44883329963939e-62,1,52,52,"catabolic process","BP",3.2729148689253e-61,"positive regulation of catabolic process","Up"
"304",389,"GO:0070887",5.96605565627066e-62,1,52,52,"cellular response to chemical stimulus","BP",7.95853607582671e-61,"response to toxic substance","Up"
"305",390,"GO:0051130",8.03259451751318e-62,1,52,52,"positive regulation of cellular component organization","BP",1.06542382689596e-60,"positive regulation of chromosome organization","Up"
"306",391,"GO:0033043",1.13735986411626e-61,1,52,52,"regulation of organelle organization","BP",1.505709365563e-60,"positive regulation of chromosome organization","Up"
"307",392,"GO:0044281",2.9711159323005e-61,1,51,51,"small molecule metabolic process","BP",3.92591689353129e-60,"regulation of small molecule metabolic process","Up"
"308",393,"GO:0044248",3.72800685278539e-61,1,51,51,"cellular catabolic process","BP",4.91674866056036e-60,"positive regulation of catabolic process","Up"
"309",394,"GO:1902531",7.42554299542502e-61,1,51,51,"regulation of intracellular signal transduction","BP",9.77486733296061e-60,"transmembrane receptor protein tyrosine kinase signaling pathway","Up"
"310",395,"GO:0040011",9.737046085222e-61,1,51,51,"locomotion","BP",1.27936000255078e-59,"positive regulation of locomotion","Up"
"311",396,"GO:0009891",1.08128116873411e-60,1,51,51,"positive regulation of biosynthetic process","BP",1.41538490064633e-59,"positive regulation of biological process","Up"
"312",397,"GO:0031328",1.08128116873411e-60,1,51,51,"positive regulation of cellular biosynthetic process","BP",1.41538490064633e-59,"positive regulation of biological process","Up"
"313",398,"GO:0048584",1.17977231861726e-60,1,51,51,"positive regulation of response to stimulus","BP",1.54142215086629e-59,"regulation of response to external stimulus","Up"
"314",399,"GO:0009059",9.08198877095886e-60,1,50,50,"macromolecule biosynthetic process","BP",1.18218066124772e-58,"biosynthetic process","Up"
"315",400,"GO:0051247",1.11157234216685e-59,1,50,50,"positive regulation of protein metabolic process","BP",1.44421759697886e-58,"post-transcriptional regulation of gene expression","Up"
"316",401,"GO:0016070",1.5986596588698e-59,1,50,50,"RNA metabolic process","BP",2.0732154017625e-58,"nucleic acid phosphodiester bond hydrolysis","Up"
"317",402,"GO:0006357",2.04363924749047e-59,1,50,50,"regulation of transcription by RNA polymerase II","BP",2.64537747036266e-58,"biosynthetic process","Up"
"318",403,"GO:0010628",2.22818980610015e-59,1,50,50,"positive regulation of gene expression","BP",2.87893655168947e-58,"positive regulation of biological process","Up"
"319",404,"GO:0034645",1.37840359630079e-58,1,49,49,"cellular macromolecule biosynthetic process","BP",1.77114726804091e-57,"regulation of DNA metabolic process","Up"
"320",405,"GO:0009790",1.67039074231733e-58,1,49,49,"embryo development","BP",2.14239106216479e-57,"nematode larval development","Up"
"321",406,"GO:0007049",1.72936069352511e-58,1,49,49,"cell cycle","BP",2.21396176698544e-57,"positive regulation of cell cycle","Up"
"322",407,"GO:0060429",1.86882447645862e-58,1,49,49,"epithelium development","BP",2.38813219203761e-57,"epithelial cell development","Up"
"323",408,"GO:0002376",3.3454992058515e-58,1,49,49,"immune system process","BP",4.2595700271224e-57,"regulation of immune response","Up"
"324",409,"GO:0045935",3.45448596952059e-58,1,49,49,"positive regulation of nucleobase-containing compound metabolic process","BP",4.39033762308162e-57,"positive regulation of biological process","Up"
"325",410,"GO:0010941",2.25659861370559e-57,1,48,48,"regulation of cell death","BP",2.8627267349913e-56,"apoptotic signaling pathway","Up"
"326",411,"GO:0048585",3.15772893013518e-57,1,48,48,"negative regulation of response to stimulus","BP",3.9986458734864e-56,"regulation of response to external stimulus","Up"
"327",412,"GO:0033554",3.79789909679069e-57,1,48,48,"cellular response to stress","BP",4.80059940082584e-56,"double-strand break repair","Up"
"328",413,"GO:0044271",5.161604541958e-57,1,48,48,"cellular nitrogen compound biosynthetic process","BP",6.51256601954629e-56,"biosynthetic process","Up"
"329",414,"GO:0065003",5.72817399555779e-56,1,47,47,"protein-containing complex assembly","BP",7.20142737930736e-55,"vesicle organization","Up"
"330",415,"GO:0022412",7.93165869224563e-56,1,47,47,"cellular process involved in reproduction in multicellular organism","BP",9.95373326010717e-55,"development of primary sexual characteristics","Up"
"331",416,"GO:0003006",8.59621356274821e-56,1,47,47,"developmental process involved in reproduction","BP",1.07683750544104e-54,"development of primary sexual characteristics","Up"
"332",417,"GO:0010557",9.19468598018111e-56,1,47,47,"positive regulation of macromolecule biosynthetic process","BP",1.14974695888132e-54,"positive regulation of biological process","Up"
"333",418,"GO:0009628",1.13004319198519e-55,1,47,47,"response to abiotic stimulus","BP",1.41053605571008e-54,"response to temperature stimulus","Up"
"334",419,"GO:1901575",4.33384694074144e-55,1,46,46,"organic substance catabolic process","BP",5.39031852593998e-54,"positive regulation of catabolic process","Up"
"335",420,"GO:0070727",8.9064786566528e-55,1,46,46,"cellular macromolecule localization","BP",1.10383485478729e-53,"mitochondrial transport","Up"
"336",421,"GO:0051049",1.54361269537806e-53,1,45,45,"regulation of transport","BP",1.89962196138955e-52,"regulation of endocytosis","Up"
"337",422,"GO:0010647",1.68217693118416e-53,1,45,45,"positive regulation of cell communication","BP",2.06288013139952e-52,"trans-synaptic signaling","Up"
"338",423,"GO:0023056",1.68217693118416e-53,1,45,45,"positive regulation of signaling","BP",2.06288013139952e-52,"transmembrane receptor protein tyrosine kinase signaling pathway","Up"
"339",424,"GO:0051254",2.53562393295415e-53,1,45,45,"positive regulation of RNA metabolic process","BP",3.10402999848503e-52,"positive regulation of biological process","Up"
"340",425,"GO:0022402",1.92406828918733e-52,1,44,44,"cell cycle process","BP",2.35126526947892e-51,"positive regulation of cell cycle","Up"
"341",426,"GO:0044093",1.67191474765798e-51,1,43,43,"positive regulation of molecular function","BP",2.03956092253566e-50,"regulation of protein binding","Up"
"342",427,"GO:0016192",4.01207572116378e-51,1,43,43,"vesicle-mediated transport","BP",4.88578559075519e-50,"vesicle-mediated transport in synapse","Up"
"343",428,"GO:0010629",5.18722852622527e-51,1,43,43,"negative regulation of gene expression","BP",6.3058656344895e-50,"negative regulation of biological process","Up"
"344",429,"GO:0051726",3.81829646211724e-50,1,42,42,"regulation of cell cycle","BP",4.62563124266889e-49,"positive regulation of cell cycle","Up"
"345",430,"GO:1902680",1.09941113666263e-49,1,42,42,"positive regulation of RNA biosynthetic process","BP",1.32269945701752e-48,"positive regulation of biological process","Up"
"346",431,"GO:1903508",1.09941113666263e-49,1,42,42,"positive regulation of nucleic acid-templated transcription","BP",1.32269945701752e-48,"positive regulation of biological process","Up"
"347",432,"GO:0035295",6.78332691129508e-49,1,41,41,"tube development","BP",8.09137459214208e-48,"nematode larval development","Up"
"348",433,"GO:0051241",8.86698693268525e-49,1,41,41,"negative regulation of multicellular organismal process","BP",1.05588140816814e-47,"negative regulation of neurogenesis","Up"
"349",434,"GO:0009890",9.13763162750001e-49,1,41,41,"negative regulation of biosynthetic process","BP",1.08625927000383e-47,"negative regulation of biological process","Up"
"350",435,"GO:0009967",9.77788327604355e-49,1,41,41,"positive regulation of signal transduction","BP",1.16039735313318e-47,"transmembrane receptor protein tyrosine kinase signaling pathway","Up"
"351",436,"GO:0042592",8.18654753070069e-48,1,40,40,"homeostatic process","BP",9.69897749823692e-47,"calcium ion homeostasis","Up"
"352",437,"GO:0042981",8.85503304626585e-48,1,40,40,"regulation of apoptotic process","BP",1.0455520438074e-46,"apoptotic signaling pathway","Up"
"353",438,"GO:0043067",8.85503304626585e-48,1,40,40,"regulation of programmed cell death","BP",1.0455520438074e-46,"apoptotic signaling pathway","Up"
"354",439,"GO:0042127",8.92973165118946e-48,1,40,40,"regulation of cell population proliferation","BP",1.05259400070513e-46,"negative regulation of cell population proliferation","Up"
"355",440,"GO:0051240",9.85316431990009e-48,1,40,40,"positive regulation of multicellular organismal process","BP",1.1594885285539e-46,"negative regulation of neurogenesis","Up"
"356",441,"GO:0030030",1.67304244612962e-47,1,40,40,"cell projection organization","BP",1.96217562054463e-46,"regulation of dendrite development","Up"
"357",442,"GO:0120036",1.67304244612962e-47,1,40,40,"plasma membrane bounded cell projection organization","BP",1.96217562054463e-46,"regulation of dendrite development","Up"
"358",443,"GO:0051276",1.95819750843485e-47,1,40,40,"chromosome organization","BP",2.29276391691115e-46,"positive regulation of chromosome organization","Up"
"359",444,"GO:0031327",1.97910520787088e-47,1,40,40,"negative regulation of cellular biosynthetic process","BP",2.31336879649122e-46,"negative regulation of biological process","Up"
"360",445,"GO:0009968",1.42049153166179e-46,1,39,39,"negative regulation of signal transduction","BP",1.6521191025484e-45,"trans-synaptic signaling","Up"
"361",446,"GO:0010648",1.42049153166179e-46,1,39,39,"negative regulation of cell communication","BP",1.6521191025484e-45,"trans-synaptic signaling","Up"
"362",447,"GO:0023057",1.42049153166179e-46,1,39,39,"negative regulation of signaling","BP",1.6521191025484e-45,"transmembrane receptor protein tyrosine kinase signaling pathway","Up"
"363",448,"GO:1901362",1.8384090568996e-46,1,39,39,"organic cyclic compound biosynthetic process","BP",2.13463111424057e-45,"biosynthetic process","Up"
"364",449,"GO:0009887",1.86922230317451e-46,1,39,39,"animal organ morphogenesis","BP",2.16680993353065e-45,"gland development","Up"
"365",450,"GO:0045893",3.68220970103602e-46,1,39,39,"positive regulation of DNA-templated transcription","BP",4.26136520037115e-45,"positive regulation of biological process","Up"
"366",451,"GO:0051336",1.18876485253343e-45,1,38,38,"regulation of hydrolase activity","BP",1.37119906257569e-44,"regulation of protein binding","Up"
"367",452,"GO:0048870",2.10796207957504e-45,1,38,38,"cell motility","BP",2.42346298293248e-44,"regulation of cell motility","Up"
"368",454,"GO:0071702",3.29668353914183e-45,1,38,38,"organic substance transport","BP",3.78387815083766e-44,"mitochondrial transport","Up"
"369",455,"GO:0007166",3.59574245873597e-44,1,37,37,"cell surface receptor signaling pathway","BP",4.10690192590922e-43,"transmembrane receptor protein tyrosine kinase signaling pathway","Up"
"370",456,"GO:0045934",5.43014736845216e-44,1,37,37,"negative regulation of nucleobase-containing compound metabolic process","BP",6.18187786734211e-43,"negative regulation of biological process","Up"
"371",457,"GO:0030182",6.26736272884474e-44,1,37,37,"neuron differentiation","BP",7.10030234596835e-43,"vasculature development","Up"
"372",458,"GO:0019220",3.9020097442832e-43,1,36,36,"regulation of phosphate metabolic process","BP",4.39920130847412e-42,"purine ribonucleotide metabolic process","Up"
"373",459,"GO:0051174",3.9020097442832e-43,1,36,36,"regulation of phosphorus metabolic process","BP",4.39920130847412e-42,"purine ribonucleotide metabolic process","Up"
"374",460,"GO:0051094",5.46322802438547e-43,1,36,36,"positive regulation of developmental process","BP",6.13954403383512e-42,"positive regulation of neuron differentiation","Up"
"375",461,"GO:0051093",6.33825954319656e-43,1,36,36,"negative regulation of developmental process","BP",7.11146616483851e-42,"positive regulation of neuron differentiation","Up"
"376",462,"GO:0051960",9.04594155884312e-43,1,36,36,"regulation of nervous system development","BP",1.01331941500502e-41,"negative regulation of neurogenesis","Up"
"377",463,"GO:0010558",9.7547273693653e-43,1,36,36,"negative regulation of macromolecule biosynthetic process","BP",1.08922594747386e-41,"negative regulation of biological process","Up"
"378",464,"GO:2000113",9.7547273693653e-43,1,36,36,"negative regulation of cellular macromolecule biosynthetic process","BP",1.08922594747386e-41,"regulation of DNA metabolic process","Up"
"379",465,"GO:0032880",1.28497832199695e-42,1,36,36,"regulation of protein localization","BP",1.43253564126932e-41,"regulation of endocytosis","Up"
"380",466,"GO:0043085",4.08199827926347e-42,1,35,35,"positive regulation of catalytic activity","BP",4.5434980847216e-41,"regulation of protein binding","Up"
"381",467,"GO:0042325",5.7857748702874e-42,1,35,35,"regulation of phosphorylation","BP",6.42966078589967e-41,"purine ribonucleotide metabolic process","Up"
"382",468,"GO:0006508",7.53520802163176e-42,1,35,35,"proteolysis","BP",8.36049270971524e-41,"protein maturation","Up"
"383",469,"GO:0045184",7.68780154482064e-42,1,35,35,"establishment of protein localization","BP",8.51628095060162e-41,"mitochondrial transport","Up"
"384",470,"GO:0009791",9.15572596612452e-42,1,35,35,"post-embryonic development","BP",1.01103514223081e-40,"nematode larval development","Up"
"385",471,"GO:0071310",1.03546763586149e-41,1,35,35,"cellular response to organic substance","BP",1.14162756698294e-40,"response to toxic substance","Up"
"386",472,"GO:0071705",1.11747768791307e-41,1,35,35,"nitrogen compound transport","BP",1.23010536039565e-40,"nitrogen compound transport","Up"
"387",473,"GO:1901700",1.2895335797544e-41,1,35,35,"response to oxygen-containing compound","BP",1.41727039661686e-40,"response to toxic substance","Up"
"388",474,"GO:0018130",1.31148819415057e-41,1,35,35,"heterocycle biosynthetic process","BP",1.43463262552621e-40,"biosynthetic process","Up"
"389",475,"GO:0019438",1.31148819415057e-41,1,35,35,"aromatic compound biosynthetic process","BP",1.43463262552621e-40,"biosynthetic process","Up"
"390",476,"GO:0034654",1.31148819415057e-41,1,35,35,"nucleobase-containing compound biosynthetic process","BP",1.43463262552621e-40,"biosynthetic process","Up"
"391",477,"GO:0000278",8.3051910358903e-41,1,34,34,"mitotic cell cycle","BP",9.05667478016743e-40,"positive regulation of cell cycle","Up"
"392",478,"GO:0048729",9.29994338177925e-41,1,34,34,"tissue morphogenesis","BP",1.01256392895073e-39,"epithelial cell development","Up"
"393",479,"GO:0016477",1.02767120585764e-40,1,34,34,"cell migration","BP",1.11717289719205e-39,"regulation of cell motility","Up"
"394",480,"GO:0032989",1.74420014123595e-40,1,34,34,"cellular component morphogenesis","BP",1.88438315104162e-39,"post-embryonic animal organ morphogenesis","Up"
"395",481,"GO:0044087",1.78997716954879e-40,1,34,34,"regulation of cellular component biogenesis","BP",1.93085500233735e-39,"vesicle organization","Up"
"396",482,"GO:0051248",1.9770476559371e-40,1,34,34,"negative regulation of protein metabolic process","BP",2.12608663307697e-39,"negative regulation of biological process","Up"
"397",483,"GO:0048666",2.04767486497239e-40,1,34,34,"neuron development","BP",2.19865550017773e-39,"vasculature development","Up"
"398",484,"GO:0060284",2.10140153781729e-40,1,34,34,"regulation of cell development","BP",2.25288293701577e-39,"positive regulation of neuron differentiation","Up"
"399",485,"GO:0051129",2.33618765892717e-40,1,34,34,"negative regulation of cellular component organization","BP",2.50075830565099e-39,"positive regulation of chromosome organization","Up"
"400",486,"GO:0009792",1.8454859040354e-39,1,33,33,"embryo development ending in birth or egg hatching","BP",1.96945747621488e-38,"nematode larval development","Up"
"401",487,"GO:0006259",1.94086295192007e-39,1,33,33,"DNA metabolic process","BP",2.0680841515124e-38,"regulation of DNA metabolic process","Up"
"402",488,"GO:0031401",2.2088615412339e-39,1,33,33,"positive regulation of protein modification process","BP",2.35006730186073e-38,"post-transcriptional regulation of gene expression","Up"
"403",489,"GO:0015833",2.44782335890404e-39,1,33,33,"peptide transport","BP",2.59246746647565e-38,"nitrogen compound transport","Up"
"404",490,"GO:0042886",2.44782335890404e-39,1,33,33,"amide transport","BP",2.59246746647565e-38,"nitrogen compound transport","Up"
"405",491,"GO:0080134",3.4802920565162e-39,1,33,33,"regulation of response to stress","BP",3.66374118600124e-38,"regulation of response to external stimulus","Up"
"406",492,"GO:0019637",1.56040456512192e-38,1,32,32,"organophosphate metabolic process","BP",1.63772190843877e-37,"purine ribonucleotide metabolic process","Up"
"407",493,"GO:0002009",2.23868020540306e-38,1,32,32,"morphogenesis of an epithelium","BP",2.34608315378821e-37,"epithelial cell development","Up"
"408",494,"GO:1901566",2.81046087851855e-38,1,32,32,"organonitrogen compound biosynthetic process","BP",2.93649051432655e-37,"biosynthetic process","Up"
"409",495,"GO:0008283",3.21895047682143e-38,1,32,32,"cell population proliferation","BP",3.35827818402713e-37,"negative regulation of cell population proliferation","Up"
"410",496,"GO:0015031",3.61394606026032e-38,1,32,32,"protein transport","BP",3.76475155904913e-37,"mitochondrial transport","Up"
"411",497,"GO:0007281",3.7525786522529e-38,1,32,32,"germ cell development","BP",3.90335190167377e-37,"development of primary sexual characteristics","Up"
"412",498,"GO:0070925",4.22094639854424e-38,1,32,32,"organelle assembly","BP",4.38401416431266e-37,"vesicle organization","Up"
"413",499,"GO:0016310",4.43313605391673e-38,1,32,32,"phosphorylation","BP",4.59756988380978e-37,"purine ribonucleotide metabolic process","Up"
"414",500,"GO:0060341",4.44451713222983e-38,1,32,32,"regulation of cellular localization","BP",4.60254440804245e-37,"regulation of endocytosis","Up"
"415",501,"GO:0060548",2.36892036132637e-37,1,31,31,"negative regulation of cell death","BP",2.44590152520994e-36,"apoptotic signaling pathway","Up"
"416",502,"GO:0001932",3.64825171943864e-37,1,31,31,"regulation of protein phosphorylation","BP",3.7612506665009e-36,"post-transcriptional regulation of gene expression","Up"
"417",503,"GO:0035239",4.04116934316906e-37,1,31,31,"tube morphogenesis","BP",4.16020231351278e-36,"nematode larval development","Up"
"418",504,"GO:0006082",5.03168563113361e-37,1,31,31,"organic acid metabolic process","BP",5.16468172711071e-36,"regulation of small molecule metabolic process","Up"
"419",505,"GO:0043436",5.03168563113361e-37,1,31,31,"oxoacid metabolic process","BP",5.16468172711071e-36,"regulation of small molecule metabolic process","Up"
"420",506,"GO:0009719",5.0670721931749e-37,1,31,31,"response to endogenous stimulus","BP",5.1933775117731e-36,"response to endogenous stimulus","Up"
"421",507,"GO:0007417",5.51269281243716e-37,1,31,31,"central nervous system development","BP",5.6418334932556e-36,"vasculature development","Up"
"422",508,"GO:0007010",7.26835438309528e-37,1,31,31,"cytoskeleton organization","BP",7.4169046916549e-36,"vesicle organization","Up"
"423",509,"GO:0044092",7.53149370796252e-37,1,31,31,"negative regulation of molecular function","BP",7.67421880738454e-36,"regulation of protein binding","Up"
"424",510,"GO:0051253",8.81405646557746e-37,1,31,31,"negative regulation of RNA metabolic process","BP",8.96801378375349e-36,"negative regulation of biological process","Up"
"425",511,"GO:0048646",5.70895587766075e-36,1,30,30,"anatomical structure formation involved in morphogenesis","BP",5.78342051954328e-35,"post-embryonic animal organ morphogenesis","Up"
"426",512,"GO:0003008",5.92579075816723e-36,1,30,30,"system process","BP",5.99439615044703e-35,"cognition","Up"
"427",513,"GO:0006955",7.52037056634253e-36,1,30,30,"immune response","BP",7.58548199981736e-35,"regulation of immune response","Up"
"428",514,"GO:0006396",7.96787471821077e-36,1,30,30,"RNA processing","BP",8.02528015566186e-35,"protein maturation","Up"
"429",515,"GO:0007017",8.69230495580487e-36,1,30,30,"microtubule-based process","BP",8.74233261022677e-35,"microtubule-based movement","Up"
"430",516,"GO:0050767",9.9582382948442e-36,1,30,30,"regulation of neurogenesis","BP",1.00011617357703e-34,"negative regulation of neurogenesis","Up"
"431",517,"GO:0045892",1.2974481510428e-35,1,30,30,"negative regulation of DNA-templated transcription","BP",1.29559465368416e-34,"negative regulation of biological process","Up"
"432",518,"GO:1902679",1.2974481510428e-35,1,30,30,"negative regulation of RNA biosynthetic process","BP",1.29559465368416e-34,"negative regulation of biological process","Up"
"433",519,"GO:1903507",1.2974481510428e-35,1,30,30,"negative regulation of nucleic acid-templated transcription","BP",1.29559465368416e-34,"negative regulation of biological process","Up"
"434",520,"GO:0048232",1.70816733783124e-35,1,30,30,"male gamete generation","BP",1.70329382188879e-34,"development of primary sexual characteristics","Up"
"435",521,"GO:0010564",6.7581198496347e-35,1,29,29,"regulation of cell cycle process","BP",6.72923899557643e-34,"positive regulation of cell cycle","Up"
"436",522,"GO:0006629",7.08627487545948e-35,1,29,29,"lipid metabolic process","BP",7.03594621867354e-34,"glycerolipid metabolic process","Up"
"437",523,"GO:0051338",8.99138561830307e-35,1,29,29,"regulation of transferase activity","BP",8.914863187509e-34,"regulation of protein binding","Up"
"438",524,"GO:0009894",1.04964461256031e-34,1,29,29,"regulation of catabolic process","BP",1.03923737135929e-33,"positive regulation of catabolic process","Up"
"439",525,"GO:0019752",1.10071082147907e-34,1,29,29,"carboxylic acid metabolic process","BP",1.08825581925583e-33,"regulation of small molecule metabolic process","Up"
"440",526,"GO:0060322",1.19188376169368e-34,1,29,29,"head development","BP",1.17673269692639e-33,"head development","Up"
"441",527,"GO:0006974",1.67755173297163e-34,1,29,29,"cellular response to DNA damage stimulus","BP",1.64923862355439e-33,"double-strand break repair","Up"
"442",528,"GO:0007610",1.83875547982149e-34,1,29,29,"behavior","BP",1.8051826971843e-33,"locomotory behavior","Up"
"443",529,"GO:0044255",1.03865913802775e-33,1,28,28,"cellular lipid metabolic process","BP",1.0154164160579e-32,"glycerolipid metabolic process","Up"
"444",530,"GO:0035556",1.05266926911093e-33,1,28,28,"intracellular signal transduction","BP",1.02767572501193e-32,"transmembrane receptor protein tyrosine kinase signaling pathway","Up"
"445",531,"GO:0046903",1.31972197802728e-33,1,28,28,"secretion","BP",1.28659088234458e-32,"regulation of secretion by cell","Up"
"446",532,"GO:0002682",1.69379309916308e-33,1,28,28,"regulation of immune system process","BP",1.64897127620473e-32,"regulation of immune response","Up"
"447",533,"GO:0031344",1.91906891244801e-33,1,28,28,"regulation of cell projection organization","BP",1.86309606916828e-32,"regulation of dendrite development","Up"
"448",534,"GO:0120035",1.91906891244801e-33,1,28,28,"regulation of plasma membrane bounded cell projection organization","BP",1.86309606916828e-32,"regulation of dendrite development","Up"
"449",535,"GO:0033365",2.08352814882697e-33,1,28,28,"protein localization to organelle","BP",2.01995308742032e-32,"mitochondrial transport","Up"
"450",536,"GO:0048285",2.2766559479485e-33,1,28,28,"organelle fission","BP",2.20413089697507e-32,"positive regulation of chromosome organization","Up"
"451",537,"GO:0051640",2.44340859785342e-33,1,28,28,"organelle localization","BP",2.36229959875456e-32,"vesicle localization","Up"
"452",538,"GO:0030162",1.51395175291214e-32,1,27,27,"regulation of proteolysis","BP",1.45965831073874e-31,"post-transcriptional regulation of gene expression","Up"
"453",539,"GO:0043066",1.65220952125689e-32,1,27,27,"negative regulation of apoptotic process","BP",1.58857559196501e-31,"apoptotic signaling pathway","Up"
"454",540,"GO:0043069",1.65220952125689e-32,1,27,27,"negative regulation of programmed cell death","BP",1.58857559196501e-31,"apoptotic signaling pathway","Up"
"455",541,"GO:1902533",2.37331880234301e-32,1,27,27,"positive regulation of intracellular signal transduction","BP",2.27877725664528e-31,"transmembrane receptor protein tyrosine kinase signaling pathway","Up"
"456",542,"GO:0051050",2.5100673310458e-32,1,27,27,"positive regulation of transport","BP",2.40677237915091e-31,"regulation of endocytosis","Up"
"457",543,"GO:0007420",2.56011097528826e-32,1,27,27,"brain development","BP",2.45139393387191e-31,"head development","Up"
"458",544,"GO:1903047",2.6643373698919e-32,1,27,27,"mitotic cell cycle process","BP",2.54770427025231e-31,"positive regulation of cell cycle","Up"
"459",545,"GO:0000902",2.89982442354916e-32,1,27,27,"cell morphogenesis","BP",2.76909463396293e-31,"post-embryonic animal organ morphogenesis","Up"
"460",546,"GO:0010638",3.01102029558524e-32,1,27,27,"positive regulation of organelle organization","BP",2.87135496127432e-31,"positive regulation of chromosome organization","Up"
"461",547,"GO:0045944",4.6711487983736e-32,1,27,27,"positive regulation of transcription by RNA polymerase II","BP",4.44235783682061e-31,"positive regulation of biological process","Up"
"462",548,"GO:1901135",1.30214696828988e-31,1,26,26,"carbohydrate derivative metabolic process","BP",1.23668577559052e-30,"carbohydrate derivative metabolic process","Up"
"463",549,"GO:0007423",2.24767741394476e-31,1,26,26,"sensory organ development","BP",2.13178631254734e-30,"gland development","Up"
"464",550,"GO:0007389",2.46017489187471e-31,1,26,26,"pattern specification process","BP",2.32386790462219e-30,"nematode larval development","Up"
"465",551,"GO:0009057",2.70552444393603e-31,1,26,26,"macromolecule catabolic process","BP",2.55217488031213e-30,"positive regulation of catabolic process","Up"
"466",552,"GO:0018193",2.81280150787367e-31,1,26,26,"peptidyl-amino acid modification","BP",2.64979549057102e-30,"protein autophosphorylation","Up"
"467",553,"GO:0031329",3.29465762149068e-31,1,26,26,"regulation of cellular catabolic process","BP",3.09538397502955e-30,"positive regulation of catabolic process","Up"
"468",554,"GO:0007292",3.77443631253234e-31,1,26,26,"female gamete generation","BP",3.54138386907397e-30,"development of primary sexual characteristics","Up"
"469",555,"GO:0045664",4.60184671417313e-31,1,26,26,"regulation of neuron differentiation","BP",4.27751443245614e-30,"positive regulation of neuron differentiation","Up"
"470",556,"GO:0022603",4.6240636825556e-31,1,26,26,"regulation of anatomical structure morphogenesis","BP",4.29245752205361e-30,"post-embryonic animal organ morphogenesis","Up"
"471",557,"GO:0000280",4.91471820414597e-31,1,26,26,"nuclear division","BP",4.55621753938731e-30,"positive regulation of chromosome organization","Up"
"472",558,"GO:0061024",5.41261232561546e-31,1,26,26,"membrane organization","BP",5.0111470405367e-30,"vesicle organization","Up"
"473",559,"GO:0032940",4.12823888388045e-30,1,25,25,"secretion by cell","BP",3.80691158289239e-29,"regulation of secretion by cell","Up"
"474",560,"GO:1901565",4.37942796300207e-30,1,25,25,"organonitrogen compound catabolic process","BP",4.02792124491901e-29,"positive regulation of catabolic process","Up"
"475",561,"GO:0045596",4.47357782353379e-30,1,25,25,"negative regulation of cell differentiation","BP",4.10910761977676e-29,"positive regulation of neuron differentiation","Up"
"476",562,"GO:0048878",4.65372379154641e-30,1,25,25,"chemical homeostasis","BP",4.26896710011934e-29,"calcium ion homeostasis","Up"
"477",563,"GO:0071495",5.03725159405187e-30,1,25,25,"cellular response to endogenous stimulus","BP",4.61472983517989e-29,"response to endogenous stimulus","Up"
"478",564,"GO:0001775",5.71324351276711e-30,1,25,25,"cell activation","BP",5.19994429091694e-29,"lymphocyte activation","Up"
"479",565,"GO:0045321",5.71324351276711e-30,1,25,25,"leukocyte activation","BP",5.19994429091694e-29,"lymphocyte activation","Up"
"480",566,"GO:0006886",7.14216991996628e-30,1,25,25,"intracellular protein transport","BP",6.49203741749861e-29,"mitochondrial transport","Up"
"481",567,"GO:0043603",7.44473562261907e-30,1,25,25,"amide metabolic process","BP",6.75827298728666e-29,"regulation of amide metabolic process","Up"
"482",568,"GO:0031400",8.10397150623223e-30,1,25,25,"negative regulation of protein modification process","BP",7.34718039280977e-29,"post-transcriptional regulation of gene expression","Up"
"483",569,"GO:0070201",9.71590130280457e-30,1,25,25,"regulation of establishment of protein localization","BP",8.78578914703803e-29,"regulation of endocytosis","Up"
"484",570,"GO:0051345",3.35997840180479e-29,1,24,24,"positive regulation of hydrolase activity","BP",3.03439909930432e-28,"regulation of protein binding","Up"
"485",571,"GO:0055086",5.58710077999695e-29,1,24,24,"nucleobase-containing small molecule metabolic process","BP",5.03271062528075e-28,"regulation of small molecule metabolic process","Up"
"486",572,"GO:0045597",7.17306318909916e-29,1,24,24,"positive regulation of cell differentiation","BP",6.45298734772241e-28,"positive regulation of neuron differentiation","Up"
"487",573,"GO:0007267",7.19974208182453e-29,1,24,24,"cell-cell signaling","BP",6.46866287300173e-28,"trans-synaptic signaling","Up"
"488",574,"GO:0032990",9.62325086859174e-29,1,24,24,"cell part morphogenesis","BP",8.6128711359099e-28,"post-embryonic animal organ morphogenesis","Up"
"489",575,"GO:0031175",9.69879782086912e-29,1,24,24,"neuron projection development","BP",8.66938577594311e-28,"vasculature development","Up"
"490",576,"GO:0007346",9.80120625865692e-29,1,24,24,"regulation of mitotic cell cycle","BP",8.74973585542936e-28,"positive regulation of cell cycle","Up"
"491",577,"GO:0008219",1.04676638110135e-28,1,24,24,"cell death","BP",9.33277679068681e-28,"apoptotic signaling pathway","Up"
"492",579,"GO:0043086",1.09150341796578e-28,1,24,24,"negative regulation of catalytic activity","BP",9.70688154145141e-28,"regulation of protein binding","Up"
"493",580,"GO:0009314",1.49182972133483e-28,1,24,24,"response to radiation","BP",1.32165903068827e-27,"response to temperature stimulus","Up"
"494",581,"GO:0010942",8.6045841452729e-28,1,23,23,"positive regulation of cell death","BP",7.58462082918759e-27,"apoptotic signaling pathway","Up"
"495",582,"GO:0044265",8.95989918498832e-28,1,23,23,"cellular macromolecule catabolic process","BP",7.88787094497083e-27,"positive regulation of catabolic process","Up"
"496",583,"GO:0060562",9.13896154599052e-28,1,23,23,"epithelial tube morphogenesis","BP",8.03538883100299e-27,"nematode larval development","Up"
"497",584,"GO:0048569",1.006206929537e-27,1,23,23,"post-embryonic animal organ development","BP",8.83591260987895e-27,"gland development","Up"
"498",585,"GO:0043549",1.01357674282843e-27,1,23,23,"regulation of kinase activity","BP",8.88946227399089e-27,"regulation of protein binding","Up"
"499",586,"GO:0040012",1.15981044971401e-27,1,23,23,"regulation of locomotion","BP",1.01592419091491e-26,"positive regulation of locomotion","Up"
"500",587,"GO:1902532",1.20912569175898e-27,1,23,23,"negative regulation of intracellular signal transduction","BP",1.05779581794685e-26,"trans-synaptic signaling","Up"
"501",588,"GO:0000904",1.31804916228593e-27,1,23,23,"cell morphogenesis involved in differentiation","BP",1.15164545554734e-26,"post-embryonic animal organ morphogenesis","Up"
"502",589,"GO:0012501",1.52337208724439e-27,1,23,23,"programmed cell death","BP",1.32938463044174e-26,"apoptotic signaling pathway","Up"
"503",591,"GO:0051321",1.58051202376204e-27,1,23,23,"meiotic cell cycle","BP",1.37410187140505e-26,"positive regulation of cell cycle","Up"
"504",592,"GO:1903046",1.58051202376204e-27,1,23,23,"meiotic cell cycle process","BP",1.37410187140505e-26,"positive regulation of cell cycle","Up"
"505",593,"GO:0051223",2.06196669424177e-27,1,23,23,"regulation of protein transport","BP",1.78823166163151e-26,"regulation of endocytosis","Up"
"506",594,"GO:0090087",2.06196669424177e-27,1,23,23,"regulation of peptide transport","BP",1.78823166163151e-26,"nitrogen compound transport","Up"
"507",595,"GO:0000122",2.21911553476664e-27,1,23,23,"negative regulation of transcription by RNA polymerase II","BP",1.92213353011385e-26,"negative regulation of biological process","Up"
"508",596,"GO:0007005",1.09181534465925e-26,1,22,22,"mitochondrion organization","BP",9.44528373659425e-26,"vesicle organization","Up"
"509",597,"GO:0045859",1.47173417262666e-26,1,22,22,"regulation of protein kinase activity","BP",1.27162198599016e-25,"post-transcriptional regulation of gene expression","Up"
"510",598,"GO:0002252",1.67853599249698e-26,1,22,22,"immune effector process","BP",1.44672830919284e-25,"regulation of immune response","Up"
"511",599,"GO:0051301",1.70334587818913e-26,1,22,22,"cell division","BP",1.4663039025298e-25,"cell division","Up"
"512",600,"GO:0006468",1.9974792475276e-26,1,22,22,"protein phosphorylation","BP",1.71738990654587e-25,"purine ribonucleotide metabolic process","Up"
"513",601,"GO:0048667",2.05045537489321e-26,1,22,22,"cell morphogenesis involved in neuron differentiation","BP",1.75430637337865e-25,"post-embryonic animal organ morphogenesis","Up"
"514",602,"GO:0048812",2.05045537489321e-26,1,22,22,"neuron projection morphogenesis","BP",1.75430637337865e-25,"post-embryonic animal organ morphogenesis","Up"
"515",603,"GO:0048858",2.05045537489321e-26,1,22,22,"cell projection morphogenesis","BP",1.75430637337865e-25,"post-embryonic animal organ morphogenesis","Up"
"516",604,"GO:0120039",2.05045537489321e-26,1,22,22,"plasma membrane bounded cell projection morphogenesis","BP",1.75430637337865e-25,"post-embryonic animal organ morphogenesis","Up"
"517",605,"GO:0010975",2.07032537900584e-26,1,22,22,"regulation of neuron projection development","BP",1.76914112460279e-25,"regulation of dendrite development","Up"
"518",606,"GO:0006811",2.19822787287381e-26,1,22,22,"monoatomic ion transport","BP",1.87614320285567e-25,"mitochondrial transport","Up"
"519",607,"GO:0051656",2.39594206835442e-26,1,22,22,"establishment of organelle localization","BP",2.03990682798994e-25,"vesicle localization","Up"
"520",608,"GO:0006325",2.55491062864966e-26,1,22,22,"chromatin organization","BP",2.17260648348675e-25,"regulation of chromatin organization","Up"
"521",609,"GO:0070647",1.79193408936495e-25,1,21,21,"protein modification by small protein conjugation or removal","BP",1.52009942775012e-24,"protein autophosphorylation","Up"
"522",610,"GO:0043065",1.809714121798e-25,1,21,21,"positive regulation of apoptotic process","BP",1.53146509822857e-24,"apoptotic signaling pathway","Up"
"523",611,"GO:0043068",1.809714121798e-25,1,21,21,"positive regulation of programmed cell death","BP",1.53146509822857e-24,"apoptotic signaling pathway","Up"
"524",612,"GO:0048598",2.30854567833891e-25,1,21,21,"embryonic morphogenesis","BP",1.95123752014377e-24,"nematode larval development","Up"
"525",613,"GO:0034660",2.73501698154607e-25,1,21,21,"ncRNA metabolic process","BP",2.30612408938565e-24,"nucleic acid phosphodiester bond hydrolysis","Up"
"526",614,"GO:0051962",2.83967871953407e-25,1,21,21,"positive regulation of nervous system development","BP",2.39148846380038e-24,"negative regulation of neurogenesis","Up"
"527",615,"GO:0090066",2.93778363922461e-25,1,21,21,"regulation of anatomical structure size","BP",2.47113208642359e-24,"regulation of hormone levels","Up"
"528",616,"GO:0022411",3.03700601644032e-25,1,21,21,"cellular component disassembly","BP",2.55152308352378e-24,"vesicle organization","Up"
"529",617,"GO:0006915",3.21077467790928e-25,1,21,21,"apoptotic process","BP",2.69427551003432e-24,"apoptotic signaling pathway","Up"
"530",618,"GO:0003002",3.23890215484184e-25,1,21,21,"regionalization","BP",2.71461943193578e-24,"nematode larval development","Up"
"531",619,"GO:0006952",3.44788184771804e-25,1,21,21,"defense response","BP",2.88631067252085e-24,"double-strand break repair","Up"
"532",620,"GO:1901701",3.4889679474903e-25,1,21,21,"cellular response to oxygen-containing compound","BP",2.91721123839201e-24,"response to toxic substance","Up"
"533",621,"GO:0040008",3.55035865690739e-25,1,21,21,"regulation of growth","BP",2.96499486401226e-24,"positive regulation of growth","Up"
"534",622,"GO:0030097",3.58266708530976e-25,1,21,21,"hemopoiesis","BP",2.98430496370447e-24,"cell fate commitment","Up"
"535",623,"GO:0010243",3.58628922676932e-25,1,21,21,"response to organonitrogen compound","BP",2.98430496370447e-24,"response to toxic substance","Up"
"536",624,"GO:1901698",3.58628922676932e-25,1,21,21,"response to nitrogen compound","BP",2.98430496370447e-24,"response to toxic substance","Up"
"537",625,"GO:0055085",3.80312421130242e-25,1,21,21,"transmembrane transport","BP",3.15722544382469e-24,"mitochondrial transport","Up"
"538",626,"GO:0000226",3.80938426376304e-25,1,21,21,"microtubule cytoskeleton organization","BP",3.15867093756864e-24,"microtubule-based movement","Up"
"539",627,"GO:0016071",3.86452636815096e-25,1,21,21,"mRNA metabolic process","BP",3.20059707504446e-24,"nucleic acid phosphodiester bond hydrolysis","Up"
"540",628,"GO:0007059",4.79353163060643e-25,1,21,21,"chromosome segregation","BP",3.96061301394078e-24,"positive regulation of cell cycle","Up"
"541",629,"GO:0009991",5.26435863311446e-25,1,21,21,"response to extracellular stimulus","BP",4.3393710902677e-24,"response to nutrient","Up"
"542",630,"GO:0031667",5.26435863311446e-25,1,21,21,"response to nutrient levels","BP",4.3393710902677e-24,"response to nutrient","Up"
"543",631,"GO:0080135",5.34844777616817e-25,1,21,21,"regulation of cellular response to stress","BP",4.40349233868263e-24,"regulation of response to external stimulus","Up"
"544",632,"GO:0007283",5.52137974607525e-25,1,21,21,"spermatogenesis","BP",4.54052287353717e-24,"development of primary sexual characteristics","Up"
"545",633,"GO:0006753",2.4698448097834e-24,1,20,20,"nucleoside phosphate metabolic process","BP",2.02394082302297e-23,"regulation of small molecule metabolic process","Up"
"546",634,"GO:0009117",2.4698448097834e-24,1,20,20,"nucleotide metabolic process","BP",2.02394082302297e-23,"regulation of small molecule metabolic process","Up"
"547",635,"GO:0010562",2.94050180363171e-24,1,20,20,"positive regulation of phosphorus metabolic process","BP",2.40398919384627e-23,"purine ribonucleotide metabolic process","Up"
"548",636,"GO:0045937",2.94050180363171e-24,1,20,20,"positive regulation of phosphate metabolic process","BP",2.40398919384627e-23,"purine ribonucleotide metabolic process","Up"
"549",637,"GO:0001654",3.72457069064815e-24,1,20,20,"eye development","BP",3.03435304517839e-23,"gland development","Up"
"550",638,"GO:0032787",4.23060282920114e-24,1,20,20,"monocarboxylic acid metabolic process","BP",3.4406236590061e-23,"regulation of small molecule metabolic process","Up"
"551",639,"GO:0033993",4.48845087598846e-24,1,20,20,"response to lipid","BP",3.64393398642966e-23,"response to toxic substance","Up"
"552",640,"GO:0042330",4.64517214452424e-24,1,20,20,"taxis","BP",3.76679272508404e-23,"response to nutrient","Up"
"553",641,"GO:0006281",4.98707676499755e-24,1,20,20,"DNA repair","BP",4.0253656567359e-23,"double-strand break repair","Up"
"554",642,"GO:0014070",5.18981964734124e-24,1,20,20,"response to organic cyclic compound","BP",4.18417985408481e-23,"response to toxic substance","Up"
"555",643,"GO:0072359",5.86259903150018e-24,1,20,20,"circulatory system development","BP",4.72114829840855e-23,"vasculature development","Up"
"556",644,"GO:0052547",4.06065928760147e-23,1,19,19,"regulation of peptidase activity","BP",3.25131826120668e-22,"post-transcriptional regulation of gene expression","Up"
"557",645,"GO:0042327",4.24732684182674e-23,1,19,19,"positive regulation of phosphorylation","BP",3.3968895451223e-22,"purine ribonucleotide metabolic process","Up"
"558",646,"GO:0071900",4.45988799798851e-23,1,19,19,"regulation of protein serine/threonine kinase activity","BP",3.56281338353596e-22,"regulation of protein binding","Up"
"559",647,"GO:0050801",4.6534972755381e-23,1,19,19,"monoatomic ion homeostasis","BP",3.71323583972732e-22,"calcium ion homeostasis","Up"
"560",648,"GO:0019725",4.66405152684869e-23,1,19,19,"cellular homeostasis","BP",3.71741393074941e-22,"calcium ion homeostasis","Up"
"561",650,"GO:0048477",5.55134931895232e-23,1,19,19,"oogenesis","BP",4.41455423657301e-22,"development of primary sexual characteristics","Up"
"562",651,"GO:0031346",5.60778318476008e-23,1,19,19,"positive regulation of cell projection organization","BP",4.4543641433492e-22,"regulation of dendrite development","Up"
"563",652,"GO:0006979",5.6334388157479e-23,1,19,19,"response to oxidative stress","BP",4.46966371419725e-22,"double-strand break repair","Up"
"564",653,"GO:0045786",5.91176316171771e-23,1,19,19,"negative regulation of cell cycle","BP",4.68517284585111e-22,"positive regulation of cell cycle","Up"
"565",654,"GO:0044089",6.33235261416244e-23,1,19,19,"positive regulation of cellular component biogenesis","BP",5.01281367757593e-22,"vesicle organization","Up"
"566",655,"GO:0061061",6.41802317077505e-23,1,19,19,"muscle structure development","BP",5.07488483752461e-22,"muscle organ development","Up"
"567",656,"GO:0006935",6.71646639549294e-23,1,19,19,"chemotaxis","BP",5.29290869272781e-22,"response to nutrient","Up"
"568",657,"GO:0007409",6.71646639549294e-23,1,19,19,"axonogenesis","BP",5.29290869272781e-22,"post-embryonic animal organ morphogenesis","Up"
"569",658,"GO:0061564",6.71646639549294e-23,1,19,19,"axon development","BP",5.29290869272781e-22,"vasculature development","Up"
"570",659,"GO:0060627",7.55207428483184e-23,1,19,19,"regulation of vesicle-mediated transport","BP",5.93134823044658e-22,"regulation of endocytosis","Up"
"571",660,"GO:0098657",7.56473192851893e-23,1,19,19,"import into cell","BP",5.93462134459566e-22,"import into cell","Up"
"572",661,"GO:0009607",7.5956917635347e-23,1,19,19,"response to biotic stimulus","BP",5.9522293079717e-22,"response to bacterium","Up"
"573",662,"GO:0050877",9.26962317759778e-23,1,19,19,"nervous system process","BP",7.22348562000094e-22,"cognition","Up"
"574",663,"GO:0006351",1.00786291074992e-22,1,19,19,"DNA-templated transcription","BP",7.81904744299885e-22,"biosynthetic process","Up"
"575",664,"GO:0032774",1.00786291074992e-22,1,19,19,"RNA biosynthetic process","BP",7.81904744299885e-22,"biosynthetic process","Up"
"576",665,"GO:0097659",1.00786291074992e-22,1,19,19,"nucleic acid-templated transcription","BP",7.81904744299885e-22,"biosynthetic process","Up"
"577",666,"GO:0140013",1.04770542776879e-22,1,19,19,"meiotic nuclear division","BP",8.11913629723266e-22,"positive regulation of cell cycle","Up"
"578",667,"GO:0033044",1.105880514975e-22,1,19,19,"regulation of chromosome organization","BP",8.56047043153404e-22,"positive regulation of chromosome organization","Up"
"579",668,"GO:0045862",5.86812585034701e-22,1,18,18,"positive regulation of proteolysis","BP",4.53239775623488e-21,"post-transcriptional regulation of gene expression","Up"
"580",669,"GO:0098771",6.71172671082723e-22,1,18,18,"inorganic ion homeostasis","BP",5.17825272722763e-21,"calcium ion homeostasis","Up"
"581",670,"GO:0034097",7.69317360939868e-22,1,18,18,"response to cytokine","BP",5.92278059715145e-21,"response to toxic substance","Up"
"582",673,"GO:0006887",7.97192598513727e-22,1,18,18,"exocytosis","BP",6.11676867575296e-21,"regulation of secretion by cell","Up"
"583",674,"GO:0045055",7.97192598513727e-22,1,18,18,"regulated exocytosis","BP",6.11676867575296e-21,"regulation of secretion by cell","Up"
"584",675,"GO:0001934",8.13343766006799e-22,1,18,18,"positive regulation of protein phosphorylation","BP",6.22702401356794e-21,"post-transcriptional regulation of gene expression","Up"
"585",676,"GO:0034470",8.37405690637093e-22,1,18,18,"ncRNA processing","BP",6.40422951592263e-21,"nucleic acid phosphodiester bond hydrolysis","Up"
"586",677,"GO:0010720",9.07445975040249e-22,1,18,18,"positive regulation of cell development","BP",6.93229220276649e-21,"positive regulation of neuron differentiation","Up"
"587",678,"GO:0006812",9.67174133096202e-22,1,18,18,"monoatomic cation transport","BP",7.38051003312495e-21,"mitochondrial transport","Up"
"588",679,"GO:0008284",9.9427322541493e-22,1,18,18,"positive regulation of cell population proliferation","BP",7.57902927551838e-21,"negative regulation of cell population proliferation","Up"
"589",680,"GO:0051961",1.07753647870861e-21,1,18,18,"negative regulation of nervous system development","BP",8.17804558759304e-21,"negative regulation of neurogenesis","Up"
"590",681,"GO:0006897",1.09220728495873e-21,1,18,18,"endocytosis","BP",8.28040013217084e-21,"vesicle-mediated transport in synapse","Up"
"591",682,"GO:0043408",1.16368124467439e-21,1,18,18,"regulation of MAPK cascade","BP",8.75579321880948e-21,"transmembrane receptor protein tyrosine kinase signaling pathway","Up"
"592",683,"GO:0009725",1.20716493735112e-21,1,18,18,"response to hormone","BP",9.06346177452666e-21,"response to endogenous stimulus","Up"
"593",684,"GO:0034220",1.43368449090056e-21,1,18,18,"monoatomic ion transmembrane transport","BP",1.07526336817542e-20,"mitochondrial transport","Up"
"594",685,"GO:0006366",1.45554937138651e-21,1,18,18,"transcription by RNA polymerase II","BP",1.0904919727751e-20,"biosynthetic process","Up"
"595",686,"GO:0048608",1.64398787651454e-21,1,18,18,"reproductive structure development","BP",1.22903478682745e-20,"vasculature development","Up"
"596",687,"GO:0061458",1.64398787651454e-21,1,18,18,"reproductive system development","BP",1.22903478682745e-20,"vasculature development","Up"
"597",688,"GO:0010639",1.74530726436533e-21,1,18,18,"negative regulation of organelle organization","BP",1.30199549390754e-20,"positive regulation of chromosome organization","Up"
"598",689,"GO:1901137",7.70148243100093e-21,1,17,17,"carbohydrate derivative biosynthetic process","BP",5.72086739561068e-20,"carbohydrate derivative metabolic process","Up"
"599",690,"GO:0044283",1.09339921886363e-20,1,17,17,"small molecule biosynthetic process","BP",8.1048362034536e-20,"regulation of small molecule metabolic process","Up"
"600",691,"GO:0022613",1.18455436378198e-20,1,17,17,"ribonucleoprotein complex biogenesis","BP",8.77122351995346e-20,"vesicle organization","Up"
"601",692,"GO:0002684",1.19503867485352e-20,1,17,17,"positive regulation of immune system process","BP",8.83949242034506e-20,"regulation of immune response","Up"
"602",693,"GO:0050769",1.30761329426064e-20,1,17,17,"positive regulation of neurogenesis","BP",9.66196292482228e-20,"negative regulation of neurogenesis","Up"
"603",694,"GO:0097485",1.39730273363696e-20,1,17,17,"neuron projection guidance","BP",1.03137762493372e-19,"response to nutrient","Up"
"604",695,"GO:0022604",1.44384470941366e-20,1,17,17,"regulation of cell morphogenesis","BP",1.06460701675121e-19,"post-embryonic animal organ morphogenesis","Up"
"605",696,"GO:0007568",1.51426105073263e-20,1,17,17,"aging","BP",1.11417734153906e-19,"aging","Up"
"606",697,"GO:0043254",1.55559832531457e-20,1,17,17,"regulation of protein-containing complex assembly","BP",1.1433893053574e-19,"vesicle organization","Up"
"607",698,"GO:0043207",1.58086663240291e-20,1,17,17,"response to external biotic stimulus","BP",1.15952337465858e-19,"response to bacterium","Up"
"608",699,"GO:0051707",1.58086663240291e-20,1,17,17,"response to other organism","BP",1.15952337465858e-19,"response to bacterium","Up"
"609",700,"GO:0006518",1.90138662167141e-20,1,17,17,"peptide metabolic process","BP",1.38878709357191e-19,"regulation of amide metabolic process","Up"
"610",701,"GO:0043604",1.90138662167141e-20,1,17,17,"amide biosynthetic process","BP",1.38878709357191e-19,"regulation of amide metabolic process","Up"
"611",703,"GO:0002164",2.1144354259461e-20,1,17,17,"larval development","BP",1.539573294517e-19,"nematode larval development","Up"
"612",704,"GO:0010256",2.33046481905807e-20,1,17,17,"endomembrane system organization","BP",1.69510396308178e-19,"vesicle organization","Up"
"613",705,"GO:0007548",2.38524322201639e-20,1,17,17,"sex differentiation","BP",1.73314450331544e-19,"development of primary sexual characteristics","Up"
