Factor,,X,GOterm,over_represented_pvalue,under_represented_pvalue,numDEInCat,numInCat,term,ontology,bh_adjust,ParentTerm
Up,85,175,GO:0030036,0,1,16,16,actin cytoskeleton organization,BP,0,actin cytoskeleton organization
Up,97,201,GO:0032956,0,1,11,11,regulation of actin cytoskeleton organization,BP,0,actin cytoskeleton organization
Up,98,202,GO:0032970,0,1,12,12,regulation of actin filament-based process,BP,0,actin cytoskeleton organization
Up,534,746,GO:0030029,5.12019515461985e-30,1,19,19,actin filament-based process,BP,3.38026257624143e-29,actin cytoskeleton organization
Up,20,48,GO:0006518,0,1,14,14,peptide metabolic process,BP,0,amide biosynthetic process
Up,118,247,GO:0043604,0,1,11,11,amide biosynthetic process,BP,0,amide biosynthetic process
Up,510,722,GO:0043603,3.63551153564096e-32,1,19,19,cellular amide metabolic process,BP,2.4805228446321e-31,amide biosynthetic process
Up,24,55,GO:0006812,0,1,14,14,cation transport,BP,0,anion transport
Up,25,56,GO:0006820,0,1,13,13,anion transport,BP,0,anion transport
Up,27,61,GO:0006897,0,1,17,17,endocytosis,BP,0,anion transport
Up,68,150,GO:0015711,0,1,12,12,organic anion transport,BP,0,anion transport
Up,82,172,GO:0030001,0,1,12,12,metal ion transport,BP,0,anion transport
Up,132,279,GO:0048193,0,1,12,12,Golgi vesicle transport,BP,0,anion transport
Up,181,372,GO:0098655,0,1,11,11,cation transmembrane transport,BP,0,anion transport
Up,182,374,GO:0098660,0,1,11,11,inorganic ion transmembrane transport,BP,0,anion transport
Up,213,425,GO:0051179,1.58623538047203e-204,1,126,126,localization,BP,1.83912984682487e-203,anion transport
Up,226,438,GO:0051234,3.87431140703538e-157,1,97,97,establishment of localization,BP,4.33019093108791e-156,anion transport
Up,228,440,GO:0006810,1.56989919534925e-155,1,96,96,transport,BP,1.74862618066593e-154,anion transport
Up,290,502,GO:0071702,6.38658116156292e-88,1,54,54,organic substance transport,BP,6.30529740132485e-87,anion transport
Up,313,525,GO:0071705,1.53246184534916e-73,1,45,45,nitrogen compound transport,BP,1.44508268947832e-72,anion transport
Up,321,533,GO:0016192,3.28766935792956e-69,1,44,44,vesicle-mediated transport,BP,3.06035050518129e-68,anion transport
Up,336,548,GO:0015833,8.2816367459237e-64,1,39,39,peptide transport,BP,7.47411981114111e-63,anion transport
Up,337,549,GO:0042886,8.2816367459237e-64,1,39,39,amide transport,BP,7.47411981114111e-63,anion transport
Up,404,616,GO:0046903,1.42944818480581e-47,1,30,30,secretion,BP,1.15275796685577e-46,anion transport
Up,450,662,GO:0006811,1.12708087492063e-39,1,25,25,ion transport,BP,8.47065626410936e-39,anion transport
Up,457,669,GO:0032940,1.86939176335915e-38,1,24,24,secretion by cell,BP,1.38893463284472e-37,anion transport
Up,461,673,GO:0055085,6.99873993050481e-38,1,24,24,transmembrane transport,BP,5.15879970443092e-37,anion transport
Up,531,743,GO:0006887,3.65685837048272e-30,1,19,19,exocytosis,BP,2.42895913782522e-29,anion transport
Up,542,756,GO:0045055,8.82623221220504e-29,1,18,18,regulated exocytosis,BP,5.75117290947281e-28,anion transport
Up,550,764,GO:0034220,3.74588796517314e-28,1,18,18,ion transmembrane transport,BP,2.4166540575315e-27,anion transport
Up,485,697,GO:0007610,3.40293792726259e-35,1,22,22,behavior,BP,2.41016777543946e-34,behavior
Up,34,72,GO:0007155,0,1,12,12,cell adhesion,BP,0,biological adhesion
Up,80,170,GO:0022610,0,1,12,12,biological adhesion,BP,0,biological adhesion
Up,170,351,GO:0065007,0,1,205,205,biological regulation,BP,0,biological regulation
Up,199,411,GO:0050789,3.89442261425642e-306,1,185,185,regulation of biological process,BP,4.6733071371077e-305,biological regulation
Up,203,415,GO:0050794,3.00681218534849e-269,1,164,164,regulation of cellular process,BP,3.56874101998739e-268,biological regulation
Up,215,427,GO:0048518,8.01920756077165e-197,1,121,121,positive regulation of biological process,BP,9.23200644275407e-196,biological regulation
Up,222,434,GO:0048522,1.93854359707093e-169,1,104,104,positive regulation of cellular process,BP,2.18917679003712e-168,biological regulation
Up,244,456,GO:0009893,2.70743323956021e-118,1,73,73,positive regulation of metabolic process,BP,2.90158470213393e-117,biological regulation
Up,255,467,GO:0010604,1.27412533528332e-108,1,67,67,positive regulation of macromolecule metabolic process,BP,1.33906462656551e-107,biological regulation
Up,264,476,GO:0051173,6.99651824470342e-104,1,64,64,positive regulation of nitrogen compound metabolic process,BP,7.22493072622623e-103,biological regulation
Up,266,478,GO:0031325,1.49019585477835e-102,1,63,63,positive regulation of cellular metabolic process,BP,1.53398360027421e-101,biological regulation
Up,329,541,GO:0010628,1.54768292012588e-64,1,39,39,positive regulation of gene expression,BP,1.41440419460593e-63,biological regulation
Up,334,546,GO:0009891,4.74833901287602e-64,1,39,39,positive regulation of biosynthetic process,BP,4.30322350596664e-63,biological regulation
Up,345,557,GO:0031328,2.05909743502582e-62,1,38,38,positive regulation of cellular biosynthetic process,BP,1.83795601186688e-61,biological regulation
Up,362,574,GO:0010557,3.52689789374065e-57,1,35,35,positive regulation of macromolecule biosynthetic process,BP,3.03985008936694e-56,biological regulation
Up,364,576,GO:0045935,1.51287627549788e-56,1,35,35,positive regulation of nucleobase-containing compound metabolic process,BP,1.29880129264087e-55,biological regulation
Up,406,618,GO:0051254,2.32736577024346e-47,1,29,29,positive regulation of RNA metabolic process,BP,1.87223646406252e-46,biological regulation
Up,415,627,GO:1902680,1.27822639007483e-45,1,28,28,positive regulation of RNA biosynthetic process,BP,1.01572233630824e-44,biological regulation
Up,416,628,GO:1903508,1.27822639007483e-45,1,28,28,positive regulation of nucleic acid-templated transcription,BP,1.01572233630824e-44,biological regulation
Up,425,637,GO:0045893,3.91388537155323e-44,1,27,27,"positive regulation of transcription, DNA-templated",BP,3.07263579289649e-43,biological regulation
Up,491,703,GO:0045944,1.28923665040537e-34,1,21,21,positive regulation of transcription by RNA polymerase II,BP,9.05244182547567e-34,biological regulation
Up,37,81,GO:0007420,0,1,17,17,brain development,BP,0,brain development
Up,514,726,GO:0060322,8.24188460012082e-32,1,20,20,head development,BP,5.59417917233201e-31,brain development
Up,187,386,GO:1901137,0,1,16,16,carbohydrate derivative biosynthetic process,BP,0,carbohydrate derivative biosynthetic process
Up,385,597,GO:1901135,4.01250144218914e-51,1,32,32,carbohydrate derivative metabolic process,BP,3.33488002516639e-50,carbohydrate derivative biosynthetic process
Up,12,38,GO:0005975,0,1,15,15,carbohydrate metabolic process,BP,0,carbohydrate metabolic process
Up,502,714,GO:0001775,1.52055438465139e-33,1,21,21,cell activation,BP,1.04956910703268e-32,cell activation
Up,528,740,GO:0045321,1.50738606453544e-30,1,19,19,leukocyte activation,BP,1.00430752520582e-29,cell activation
Up,155,322,GO:0051301,0,1,15,15,cell division,BP,0,cell division
Up,41,92,GO:0007568,0,1,17,17,aging,BP,0,cell fate commitment
Up,60,137,GO:0010259,0,1,11,11,multicellular organism aging,BP,0,cell fate commitment
Up,122,257,GO:0045165,0,1,13,13,cell fate commitment,BP,0,cell fate commitment
Up,227,439,GO:0048869,4.63679873516863e-156,1,97,97,cellular developmental process,BP,5.17352406821213e-155,cell fate commitment
Up,229,441,GO:0030154,9.17669666082263e-153,1,95,95,cell differentiation,BP,1.01866022899353e-151,cell fate commitment
Up,259,471,GO:0048468,2.10298926960867e-107,1,67,67,cell development,BP,2.19600610268751e-106,cell fate commitment
Up,44,100,GO:0008283,0,1,16,16,cell population proliferation,BP,0,cell population proliferation
Up,45,102,GO:0008285,0,1,14,14,negative regulation of cell population proliferation,BP,0,cell population proliferation
Up,431,643,GO:0042127,1.00162503542442e-43,1,26,26,regulation of cell population proliferation,BP,7.80692431916931e-43,cell population proliferation
Up,36,76,GO:0007267,0,1,15,15,cell-cell signaling,BP,0,cell-cell signaling
Up,148,308,GO:0050804,0,1,11,11,modulation of chemical synaptic transmission,BP,0,cell-cell signaling
Up,183,377,GO:0099177,0,1,11,11,regulation of trans-synaptic signaling,BP,0,cell-cell signaling
Up,249,461,GO:0007154,1.27497698229125e-112,1,70,70,cell communication,BP,1.35526101412884e-111,cell-cell signaling
Up,268,480,GO:0010646,3.81214080434063e-102,1,64,64,regulation of cell communication,BP,3.91179676867458e-101,cell-cell signaling
Up,405,617,GO:0010647,1.83399249763531e-47,1,29,29,positive regulation of cell communication,BP,1.47716874098785e-46,cell-cell signaling
Up,409,621,GO:0010648,1.54769213689494e-46,1,29,29,negative regulation of cell communication,BP,1.23891424619256e-45,cell-cell signaling
Up,5,9,GO:0001505,0,1,11,11,regulation of neurotransmitter levels,BP,0,cellular metal ion homeostasis
Up,26,59,GO:0006875,0,1,15,15,cellular metal ion homeostasis,BP,0,cellular metal ion homeostasis
Up,83,173,GO:0030003,0,1,17,17,cellular cation homeostasis,BP,0,cellular metal ion homeostasis
Up,95,197,GO:0032535,0,1,14,14,regulation of cellular component size,BP,0,cellular metal ion homeostasis
Up,147,307,GO:0050803,0,1,12,12,regulation of synapse structure or activity,BP,0,cellular metal ion homeostasis
Up,149,309,GO:0050807,0,1,11,11,regulation of synapse organization,BP,0,cellular metal ion homeostasis
Up,164,339,GO:0055065,0,1,15,15,metal ion homeostasis,BP,0,cellular metal ion homeostasis
Up,165,342,GO:0055080,0,1,17,17,cation homeostasis,BP,0,cellular metal ion homeostasis
Up,232,444,GO:0065008,1.72874557432886e-149,1,92,92,regulation of biological quality,BP,1.90923833259778e-148,cellular metal ion homeostasis
Up,330,542,GO:0042592,1.58571780028085e-64,1,39,39,homeostatic process,BP,1.4471340597521e-63,cellular metal ion homeostasis
Up,418,630,GO:0048878,2.4272003277422e-45,1,27,27,chemical homeostasis,BP,1.92404347148031e-44,cellular metal ion homeostasis
Up,434,646,GO:0019725,1.37104663611592e-43,1,26,26,cellular homeostasis,BP,1.06354046201563e-42,cellular metal ion homeostasis
Up,469,681,GO:0055082,2.17707312003768e-37,1,22,22,cellular chemical homeostasis,BP,1.59033727019793e-36,cellular metal ion homeostasis
Up,499,711,GO:0006873,4.86741282426056e-34,1,20,20,cellular ion homeostasis,BP,3.36331516043285e-33,cellular metal ion homeostasis
Up,500,712,GO:0050801,4.86741282426056e-34,1,20,20,ion homeostasis,BP,3.36331516043285e-33,cellular metal ion homeostasis
Up,501,713,GO:0098771,4.86741282426056e-34,1,20,20,inorganic ion homeostasis,BP,3.36331516043285e-33,cellular metal ion homeostasis
Up,503,715,GO:0090066,1.62659824945509e-33,1,21,21,regulation of anatomical structure size,BP,1.12157822152903e-32,cellular metal ion homeostasis
Up,57,132,GO:0009987,0,1,264,264,cellular process,BP,0,cellular process
Up,30,66,GO:0006935,0,1,14,14,chemotaxis,BP,0,chemotaxis
Up,105,222,GO:0040017,0,1,13,13,positive regulation of locomotion,BP,0,chemotaxis
Up,109,229,GO:0042330,0,1,14,14,taxis,BP,0,chemotaxis
Up,326,538,GO:0040011,3.42476066452636e-66,1,42,42,locomotion,BP,3.14749513258868e-65,chemotaxis
Up,520,732,GO:0040012,3.38244021158294e-31,1,20,20,regulation of locomotion,BP,2.27450778314494e-30,chemotaxis
Up,4,8,GO:0001101,0,1,13,13,response to acid chemical,BP,0,cytokine-mediated signaling pathway
Up,59,135,GO:0010035,0,1,11,11,response to inorganic substance,BP,0,cytokine-mediated signaling pathway
Up,74,162,GO:0019221,0,1,13,13,cytokine-mediated signaling pathway,BP,0,cytokine-mediated signaling pathway
Up,172,354,GO:0070848,0,1,12,12,response to growth factor,BP,0,cytokine-mediated signaling pathway
Up,173,355,GO:0071363,0,1,12,12,cellular response to growth factor stimulus,BP,0,cytokine-mediated signaling pathway
Up,189,392,GO:1901652,0,1,11,11,response to peptide,BP,0,cytokine-mediated signaling pathway
Up,190,395,GO:1901701,0,1,15,15,cellular response to oxygen-containing compound,BP,0,cytokine-mediated signaling pathway
Up,234,446,GO:0042221,8.40702991166214e-149,1,91,91,response to chemical,BP,9.25341332844434e-148,cytokine-mediated signaling pathway
Up,280,492,GO:0010033,3.50159790387667e-96,1,59,59,response to organic substance,BP,3.52105122556487e-95,cytokine-mediated signaling pathway
Up,286,498,GO:0070887,9.86253965593981e-90,1,55,55,cellular response to chemical stimulus,BP,9.7963884753207e-89,cytokine-mediated signaling pathway
Up,338,550,GO:0071310,1.86124774111121e-63,1,39,39,cellular response to organic substance,BP,1.67743987290189e-62,cytokine-mediated signaling pathway
Up,376,588,GO:1901700,1.1902178471985e-53,1,33,33,response to oxygen-containing compound,BP,1.0032935953875e-52,cytokine-mediated signaling pathway
Up,445,657,GO:0042493,3.71573262083053e-40,1,25,25,response to drug,BP,2.80878349853036e-39,cytokine-mediated signaling pathway
Up,489,701,GO:0034097,6.4636736636794e-35,1,21,21,response to cytokine,BP,4.55322136135513e-34,cytokine-mediated signaling pathway
Up,493,705,GO:0014070,2.08890282284865e-34,1,21,21,response to organic cyclic compound,BP,1.4573116481458e-33,cytokine-mediated signaling pathway
Up,497,709,GO:0010243,3.56064971257286e-34,1,21,21,response to organonitrogen compound,BP,2.4682120773537e-33,cytokine-mediated signaling pathway
Up,498,710,GO:1901698,3.56064971257286e-34,1,21,21,response to nitrogen compound,BP,2.4682120773537e-33,cytokine-mediated signaling pathway
Up,504,716,GO:0071345,2.79713729731698e-33,1,20,20,cellular response to cytokine stimulus,BP,1.92665397772911e-32,cytokine-mediated signaling pathway
Up,516,728,GO:0009636,2.03573590557139e-31,1,19,19,response to toxic substance,BP,1.37602231957502e-30,cytokine-mediated signaling pathway
Up,536,748,GO:0033993,5.39184646696196e-30,1,18,18,response to lipid,BP,3.5524035974443e-29,cytokine-mediated signaling pathway
Up,15,41,GO:0006281,0,1,11,11,DNA repair,BP,0,defense response
Up,31,67,GO:0006952,0,1,14,14,defense response,BP,0,defense response
Up,32,68,GO:0006974,0,1,15,15,cellular response to DNA damage stimulus,BP,0,defense response
Up,33,69,GO:0006979,0,1,16,16,response to oxidative stress,BP,0,defense response
Up,53,123,GO:0009611,0,1,12,12,response to wounding,BP,0,defense response
Up,243,455,GO:0006950,2.56507102837364e-118,1,72,72,response to stress,BP,2.75354247460998e-117,defense response
Up,350,562,GO:0033554,6.55623221779984e-60,1,36,36,cellular response to stress,BP,5.78084020719672e-59,defense response
Up,77,166,GO:0021700,0,1,13,13,developmental maturation,BP,0,developmental maturation
Up,483,695,GO:0017144,2.90602445620407e-35,1,22,22,drug metabolic process,BP,2.06270755518798e-34,drug metabolic process
Up,8,20,GO:0002064,0,1,14,14,epithelial cell development,BP,0,epithelial cell development
Up,295,507,GO:0009888,7.42532508160771e-85,1,53,53,tissue development,BP,7.26477751227565e-84,epithelial cell development
Up,320,532,GO:0060429,1.20679816507583e-69,1,44,44,epithelium development,BP,1.12496378306639e-68,epithelial cell development
Up,420,632,GO:0048729,1.13306936090963e-44,1,28,28,tissue morphogenesis,BP,8.94918782507532e-44,epithelial cell development
Up,446,658,GO:0002009,7.26759758505892e-40,1,25,25,morphogenesis of an epithelium,BP,5.48733092285561e-39,epithelial cell development
Up,532,744,GO:0030855,3.87047140328132e-30,1,19,19,epithelial cell differentiation,BP,2.56822725700419e-29,epithelial cell development
Up,21,50,GO:0006605,0,1,14,14,protein targeting,BP,0,establishment of protein localization to organelle
Up,28,64,GO:0006913,0,1,12,12,nucleocytoplasmic transport,BP,0,establishment of protein localization to organelle
Up,151,317,GO:0051169,0,1,12,12,nuclear transport,BP,0,establishment of protein localization to organelle
Up,161,332,GO:0051656,0,1,16,16,establishment of organelle localization,BP,0,establishment of protein localization to organelle
Up,175,363,GO:0072594,0,1,16,16,establishment of protein localization to organelle,BP,0,establishment of protein localization to organelle
Up,176,364,GO:0072657,0,1,11,11,protein localization to membrane,BP,0,establishment of protein localization to organelle
Up,248,460,GO:0051641,2.73281759320983e-113,1,70,70,cellular localization,BP,2.90964696688812e-112,establishment of protein localization to organelle
Up,265,477,GO:0033036,1.06103752918309e-102,1,64,64,macromolecule localization,BP,1.09394312344257e-101,establishment of protein localization to organelle
Up,283,495,GO:0051649,6.65879302869135e-94,1,58,58,establishment of localization in cell,BP,6.65470787959399e-93,establishment of protein localization to organelle
Up,289,501,GO:0008104,3.92659346790041e-88,1,55,55,protein localization,BP,3.88250121955069e-87,establishment of protein localization to organelle
Up,296,508,GO:0046907,2.81561342564885e-84,1,52,52,intracellular transport,BP,2.74648758705508e-83,establishment of protein localization to organelle
Up,310,522,GO:0034613,4.30426338939198e-76,1,47,47,cellular protein localization,BP,4.07653782634857e-75,establishment of protein localization to organelle
Up,311,523,GO:0070727,4.30426338939198e-76,1,47,47,cellular macromolecule localization,BP,4.07653782634857e-75,establishment of protein localization to organelle
Up,346,558,GO:0015031,2.07466233667528e-62,1,38,38,protein transport,BP,1.84678958822078e-61,establishment of protein localization to organelle
Up,347,559,GO:0045184,2.07466233667528e-62,1,38,38,establishment of protein localization,BP,1.84678958822078e-61,establishment of protein localization to organelle
Up,366,578,GO:0006886,2.94002114605894e-56,1,34,34,intracellular protein transport,BP,2.51736896027859e-55,establishment of protein localization to organelle
Up,468,680,GO:0033365,1.77617682351498e-37,1,23,23,protein localization to organelle,BP,1.29894143457055e-36,establishment of protein localization to organelle
Up,474,686,GO:0051640,2.30789291103312e-36,1,23,23,organelle localization,BP,1.66905995652518e-35,establishment of protein localization to organelle
Up,299,511,GO:0010467,7.11351714568115e-84,1,50,50,gene expression,BP,6.90785062909961e-83,gene expression
Up,480,692,GO:0006396,1.57443388361596e-35,1,21,21,RNA processing,BP,1.12365949459382e-34,gene expression
Up,13,39,GO:0006091,0,1,17,17,generation of precursor metabolites and energy,BP,0,generation of precursor metabolites and energy
Up,69,152,GO:0015980,0,1,12,12,energy derivation by oxidation of organic compounds,BP,0,generation of precursor metabolites and energy
Up,535,747,GO:0098657,5.37909722289002e-30,1,19,19,import into cell,BP,3.54759084052139e-29,import into cell
Up,46,106,GO:0008610,0,1,14,14,lipid biosynthetic process,BP,0,lipid biosynthetic process
Up,73,161,GO:0019216,0,1,13,13,regulation of lipid metabolic process,BP,0,lipid biosynthetic process
Up,439,651,GO:0006629,3.62077662736048e-41,1,25,25,lipid metabolic process,BP,2.76912916712217e-40,lipid biosynthetic process
Up,482,694,GO:0044255,2.49222121736416e-35,1,21,21,cellular lipid metabolic process,BP,1.77091749752943e-34,lipid biosynthetic process
Up,400,612,GO:0048870,6.32755427532678e-49,1,31,31,cell motility,BP,5.13453843811075e-48,localization of cell
Up,401,613,GO:0051674,6.32755427532678e-49,1,31,31,localization of cell,BP,5.13453843811075e-48,localization of cell
Up,424,636,GO:0016477,2.65499914286917e-44,1,28,28,cell migration,BP,2.08684854221177e-43,localization of cell
Up,126,263,GO:0045786,0,1,13,13,negative regulation of cell cycle,BP,0,meiotic cell cycle process
Up,156,323,GO:0051321,0,1,13,13,meiotic cell cycle,BP,0,meiotic cell cycle process
Up,186,384,GO:0140013,0,1,11,11,meiotic nuclear division,BP,0,meiotic cell cycle process
Up,193,401,GO:1903046,0,1,13,13,meiotic cell cycle process,BP,0,meiotic cell cycle process
Up,349,561,GO:0007049,4.47454842796704e-61,1,39,39,cell cycle,BP,3.96143445062952e-60,meiotic cell cycle process
Up,365,577,GO:0022402,2.08377265654106e-56,1,36,36,cell cycle process,BP,1.78656087237126e-55,meiotic cell cycle process
Up,413,625,GO:0000278,5.74336471679953e-46,1,29,29,mitotic cell cycle,BP,4.58063212909005e-45,meiotic cell cycle process
Up,414,626,GO:0051726,9.58741274453327e-46,1,29,29,regulation of cell cycle,BP,7.63711264588983e-45,meiotic cell cycle process
Up,464,676,GO:1903047,9.1464350622261e-38,1,24,24,mitotic cell cycle process,BP,6.719072250898e-37,meiotic cell cycle process
Up,517,729,GO:0007346,2.26409671030406e-31,1,20,20,regulation of mitotic cell cycle,BP,1.52879317765195e-30,meiotic cell cycle process
Up,529,741,GO:0010564,3.00204619186437e-30,1,19,19,regulation of cell cycle process,BP,1.99809325701617e-29,meiotic cell cycle process
Up,198,410,GO:0008152,1.2497442705909e-311,1,185,185,metabolic process,BP,1.50246008619379e-310,metabolic process
Up,200,412,GO:0044237,6.75827066499417e-299,1,178,178,cellular metabolic process,BP,8.08016360607376e-298,metabolic process
Up,201,413,GO:0071704,1.56059171802953e-293,1,175,175,organic substance metabolic process,BP,1.85901565533462e-292,metabolic process
Up,202,414,GO:0044238,7.10470697213801e-283,1,169,169,primary metabolic process,BP,8.44785960409694e-282,metabolic process
Up,211,423,GO:0043170,2.77524801741464e-215,1,130,130,macromolecule metabolic process,BP,3.24077349130355e-214,metabolic process
Up,218,430,GO:0044260,6.57638429279012e-177,1,108,108,cellular macromolecule metabolic process,BP,7.47848517483777e-176,metabolic process
Up,444,656,GO:0007017,1.34006555686717e-40,1,26,26,microtubule-based process,BP,1.01533339169145e-39,microtubule-based process
Up,508,720,GO:0000226,1.32379929635095e-32,1,21,21,microtubule cytoskeleton organization,BP,9.05128668942583e-32,microtubule-based process
Up,39,88,GO:0007517,0,1,11,11,muscle organ development,BP,0,muscle structure development
Up,54,125,GO:0009798,0,1,11,11,axis specification,BP,0,muscle structure development
Up,140,291,GO:0048598,0,1,16,16,embryonic morphogenesis,BP,0,muscle structure development
Up,168,348,GO:0061061,0,1,15,15,muscle structure development,BP,0,muscle structure development
Up,206,418,GO:0032502,3.34709712885291e-249,1,152,152,developmental process,BP,3.94388515218907e-248,muscle structure development
Up,208,420,GO:0048856,1.67500555960041e-233,1,143,143,anatomical structure development,BP,1.96654706781194e-232,muscle structure development
Up,212,424,GO:0007275,1.41670832394936e-213,1,131,131,multicellular organism development,BP,1.64550293027701e-212,muscle structure development
Up,328,540,GO:0009790,1.24723305040397e-64,1,40,40,embryo development,BP,1.14142844893711e-63,muscle structure development
Up,421,633,GO:0007389,1.24072051344169e-44,1,27,27,pattern specification process,BP,9.78757247649639e-44,muscle structure development
Up,460,672,GO:0009792,6.83121917436249e-38,1,23,23,embryo development ending in birth or egg hatching,BP,5.0410219864265e-37,muscle structure development
Up,486,698,GO:0003002,3.75961763627381e-35,1,21,21,regionalization,BP,2.65989886188492e-34,muscle structure development
Up,17,44,GO:0006397,0,1,13,13,mRNA processing,BP,0,ncRNA metabolic process
Up,71,154,GO:0016071,0,1,17,17,mRNA metabolic process,BP,0,ncRNA metabolic process
Up,102,211,GO:0034660,0,1,13,13,ncRNA metabolic process,BP,0,ncRNA metabolic process
Up,150,313,GO:0051052,0,1,12,12,regulation of DNA metabolic process,BP,0,ncRNA metabolic process
Up,237,449,GO:0006725,3.74908078786531e-133,1,81,81,cellular aromatic compound metabolic process,BP,4.07829890045582e-132,ncRNA metabolic process
Up,238,450,GO:0046483,3.74908078786531e-133,1,81,81,heterocycle metabolic process,BP,4.07829890045582e-132,ncRNA metabolic process
Up,241,453,GO:0006139,6.44857234047707e-125,1,76,76,nucleobase-containing compound metabolic process,BP,6.96830802164985e-124,ncRNA metabolic process
Up,284,496,GO:0090304,2.96444916354572e-92,1,56,56,nucleic acid metabolic process,BP,2.95357045101895e-91,ncRNA metabolic process
Up,339,551,GO:0016070,2.54880970067982e-63,1,38,38,RNA metabolic process,BP,2.29392873061184e-62,ncRNA metabolic process
Up,496,708,GO:0006259,3.48098400708857e-34,1,21,21,DNA metabolic process,BP,2.41813345311185e-33,ncRNA metabolic process
Up,35,74,GO:0007167,0,1,12,12,enzyme linked receptor protein signaling pathway,BP,0,negative regulation of intracellular signal transduction
Up,115,243,GO:0043408,0,1,13,13,regulation of MAPK cascade,BP,0,negative regulation of intracellular signal transduction
Up,191,399,GO:1902532,0,1,13,13,negative regulation of intracellular signal transduction,BP,0,negative regulation of intracellular signal transduction
Up,253,465,GO:0023052,1.68286747491058e-109,1,68,68,signaling,BP,1.77436318228435e-108,negative regulation of intracellular signal transduction
Up,261,473,GO:0023051,1.9437476010467e-105,1,66,66,regulation of signaling,BP,2.02323632083391e-104,negative regulation of intracellular signal transduction
Up,273,485,GO:0007165,2.01316363453336e-98,1,61,61,signal transduction,BP,2.04645464003422e-97,negative regulation of intracellular signal transduction
Up,287,499,GO:0009966,7.74449170313816e-89,1,56,56,regulation of signal transduction,BP,7.68083834667401e-88,negative regulation of intracellular signal transduction
Up,357,569,GO:0007166,1.22991355520496e-58,1,36,36,cell surface receptor signaling pathway,BP,1.06854889676207e-57,negative regulation of intracellular signal transduction
Up,370,582,GO:1902531,1.39922936511909e-54,1,34,34,regulation of intracellular signal transduction,BP,1.18909237546873e-53,negative regulation of intracellular signal transduction
Up,402,614,GO:0023056,6.68615362039634e-49,1,30,30,positive regulation of signaling,BP,5.41877823264957e-48,negative regulation of intracellular signal transduction
Up,410,622,GO:0023057,1.54769213689494e-46,1,29,29,negative regulation of signaling,BP,1.23891424619256e-45,negative regulation of intracellular signal transduction
Up,427,639,GO:0009967,5.40568401712037e-44,1,27,27,positive regulation of signal transduction,BP,4.23358618456206e-43,negative regulation of intracellular signal transduction
Up,435,647,GO:0009968,6.70454727950315e-43,1,27,27,negative regulation of signal transduction,BP,5.17616470062115e-42,negative regulation of intracellular signal transduction
Up,458,670,GO:0035556,6.05952450217197e-38,1,23,23,intracellular signal transduction,BP,4.48680246092643e-37,negative regulation of intracellular signal transduction
Up,515,727,GO:1902533,1.30369307902972e-31,1,19,19,positive regulation of intracellular signal transduction,BP,8.83042006544452e-31,negative regulation of intracellular signal transduction
Up,2,3,GO:0000280,0,1,14,14,nuclear division,BP,0,negative regulation of organelle organization
Up,64,143,GO:0010639,0,1,13,13,negative regulation of organelle organization,BP,0,negative regulation of organelle organization
Up,78,168,GO:0022411,0,1,11,11,cellular component disassembly,BP,0,negative regulation of organelle organization
Up,81,171,GO:0022613,0,1,14,14,ribonucleoprotein complex biogenesis,BP,0,negative regulation of organelle organization
Up,84,174,GO:0030031,0,1,13,13,cell projection assembly,BP,0,negative regulation of organelle organization
Up,88,187,GO:0031346,0,1,15,15,positive regulation of cell projection organization,BP,0,negative regulation of organelle organization
Up,114,239,GO:0043254,0,1,13,13,regulation of protein-containing complex assembly,BP,0,negative regulation of organelle organization
Up,121,255,GO:0044782,0,1,11,11,cilium organization,BP,0,negative regulation of organelle organization
Up,133,280,GO:0048285,0,1,14,14,organelle fission,BP,0,negative regulation of organelle organization
Up,153,320,GO:0051259,0,1,12,12,protein complex oligomerization,BP,0,negative regulation of organelle organization
Up,159,327,GO:0051493,0,1,17,17,regulation of cytoskeleton organization,BP,0,negative regulation of organelle organization
Up,167,345,GO:0060271,0,1,11,11,cilium assembly,BP,0,negative regulation of organelle organization
Up,180,370,GO:0097435,0,1,15,15,supramolecular fiber organization,BP,0,negative regulation of organelle organization
Up,184,381,GO:0120031,0,1,12,12,plasma membrane bounded cell projection assembly,BP,0,negative regulation of organelle organization
Up,192,400,GO:1902903,0,1,11,11,regulation of supramolecular fiber organization,BP,0,negative regulation of organelle organization
Up,209,421,GO:0071840,4.22557508936811e-233,1,143,143,cellular component organization or biogenesis,BP,4.95213080617313e-232,negative regulation of organelle organization
Up,210,422,GO:0016043,2.19809376676796e-218,1,134,134,cellular component organization,BP,2.57141453936446e-217,negative regulation of organelle organization
Up,233,445,GO:0006996,5.77066675663049e-149,1,93,93,organelle organization,BP,6.36237979462002e-148,negative regulation of organelle organization
Up,252,464,GO:0044085,6.68159263799378e-110,1,68,68,cellular component biogenesis,BP,7.05628162547284e-109,negative regulation of organelle organization
Up,258,470,GO:0051128,7.32985525803515e-108,1,68,68,regulation of cellular component organization,BP,7.66634620567529e-107,negative regulation of organelle organization
Up,285,497,GO:0022607,2.79213482993847e-91,1,56,56,cellular component assembly,BP,2.77764130563039e-90,negative regulation of organelle organization
Up,343,555,GO:0043933,7.65789747598809e-63,1,38,38,protein-containing complex subunit organization,BP,6.85423900460692e-62,negative regulation of organelle organization
Up,354,566,GO:0051130,6.81569324358904e-59,1,37,37,positive regulation of cellular component organization,BP,5.94525531127526e-58,negative regulation of organelle organization
Up,363,575,GO:0033043,7.01597586034469e-57,1,36,36,regulation of organelle organization,BP,6.03911475640766e-56,negative regulation of organelle organization
Up,367,579,GO:0065003,4.27968294065611e-56,1,34,34,protein-containing complex assembly,BP,3.65963438862405e-55,negative regulation of organelle organization
Up,368,580,GO:0044087,2.07156133991239e-55,1,35,35,regulation of cellular component biogenesis,BP,1.7667923679148e-54,negative regulation of organelle organization
Up,377,589,GO:0007010,2.65686933591002e-53,1,34,34,cytoskeleton organization,BP,2.23671325488239e-52,negative regulation of organelle organization
Up,386,598,GO:0030030,4.07056500426309e-51,1,32,32,cell projection organization,BP,3.3745294615494e-50,negative regulation of organelle organization
Up,387,599,GO:0120036,4.07056500426309e-51,1,32,32,plasma membrane bounded cell projection organization,BP,3.3745294615494e-50,negative regulation of organelle organization
Up,476,688,GO:0007005,4.03467451969603e-36,1,21,21,mitochondrion organization,BP,2.90496565418114e-35,negative regulation of organelle organization
Up,487,699,GO:0031344,4.2530670496537e-35,1,21,21,regulation of cell projection organization,BP,3.00249023787037e-34,negative regulation of organelle organization
Up,488,700,GO:0120035,4.2530670496537e-35,1,21,21,regulation of plasma membrane bounded cell projection organization,BP,3.00249023787037e-34,negative regulation of organelle organization
Up,506,718,GO:0010638,3.48204004798924e-33,1,21,21,positive regulation of organelle organization,BP,2.39335157728881e-32,negative regulation of organelle organization
Up,507,719,GO:0051129,5.74018446300842e-33,1,21,21,negative regulation of cellular component organization,BP,3.93302228821902e-32,negative regulation of organelle organization
Up,509,721,GO:0070925,3.50436641827563e-32,1,20,20,organelle assembly,BP,2.39354838380336e-31,negative regulation of organelle organization
Up,513,725,GO:0034622,8.15699126476014e-32,1,19,19,cellular protein-containing complex assembly,BP,5.54233108250021e-31,negative regulation of organelle organization
Up,522,734,GO:0061024,5.21833079770008e-31,1,19,19,membrane organization,BP,3.49821434956931e-30,negative regulation of organelle organization
Up,523,735,GO:0051276,7.4482391874162e-31,1,20,20,chromosome organization,BP,4.98794722972291e-30,negative regulation of organelle organization
Up,545,759,GO:0044089,1.12546469623507e-28,1,18,18,positive regulation of cellular component biogenesis,BP,7.31159318112433e-28,negative regulation of organelle organization
Up,7,18,GO:0001934,0,1,15,15,positive regulation of protein phosphorylation,BP,0,negative regulation of protein modification process
Up,90,190,GO:0031400,0,1,16,16,negative regulation of protein modification process,BP,0,negative regulation of protein modification process
Up,214,426,GO:0019222,2.54982237758637e-204,1,125,125,regulation of metabolic process,BP,2.95109105015147e-203,negative regulation of protein modification process
Up,217,429,GO:0031323,1.05211711985817e-178,1,110,110,regulation of cellular metabolic process,BP,1.20062962399227e-177,negative regulation of protein modification process
Up,219,431,GO:0080090,3.8499635221149e-176,1,108,108,regulation of primary metabolic process,BP,4.37044639548793e-175,negative regulation of protein modification process
Up,221,433,GO:0060255,1.94777385243566e-174,1,107,107,regulation of macromolecule metabolic process,BP,2.20341917056784e-173,negative regulation of protein modification process
Up,225,437,GO:0051171,1.58063179250558e-162,1,100,100,regulation of nitrogen compound metabolic process,BP,1.77270167985652e-161,negative regulation of protein modification process
Up,242,454,GO:0010468,5.2309723473754e-121,1,74,74,regulation of gene expression,BP,5.64321453898975e-120,negative regulation of protein modification process
Up,256,468,GO:0009889,2.51889587867829e-108,1,67,67,regulation of biosynthetic process,BP,2.64301538574359e-107,negative regulation of protein modification process
Up,257,469,GO:0019219,4.63132437777569e-108,1,67,67,regulation of nucleobase-containing compound metabolic process,BP,4.85172180797209e-107,negative regulation of protein modification process
Up,263,475,GO:0031326,4.06089260795181e-105,1,65,65,regulation of cellular biosynthetic process,BP,4.21349940022516e-104,negative regulation of protein modification process
Up,270,482,GO:0010556,2.57961079001747e-100,1,62,62,regulation of macromolecule biosynthetic process,BP,2.63459935858211e-99,negative regulation of protein modification process
Up,272,484,GO:2000112,8.46582676247498e-99,1,61,61,regulation of cellular macromolecule biosynthetic process,BP,8.61926987254483e-98,negative regulation of protein modification process
Up,276,488,GO:0051252,4.36169587686733e-97,1,60,60,regulation of RNA metabolic process,BP,4.41316930647011e-96,negative regulation of protein modification process
Up,277,489,GO:0051246,7.67210571937826e-97,1,60,60,regulation of protein metabolic process,BP,7.75061098720446e-96,negative regulation of protein modification process
Up,298,510,GO:0032268,7.02398732922837e-84,1,52,52,regulation of cellular protein metabolic process,BP,6.83108976675404e-83,negative regulation of protein modification process
Up,300,512,GO:1903506,8.19507275295492e-84,1,52,52,regulation of nucleic acid-templated transcription,BP,7.93448648711059e-83,negative regulation of protein modification process
Up,301,513,GO:2001141,8.19507275295492e-84,1,52,52,regulation of RNA biosynthetic process,BP,7.93448648711059e-83,negative regulation of protein modification process
Up,302,514,GO:0006355,2.64701819786863e-82,1,51,51,"regulation of transcription, DNA-templated",BP,2.54394846273038e-81,negative regulation of protein modification process
Up,331,543,GO:0051247,1.60847828073058e-64,1,40,40,positive regulation of protein metabolic process,BP,1.46585237443922e-63,negative regulation of protein modification process
Up,378,590,GO:0031399,3.03667307698473e-53,1,33,33,regulation of protein modification process,BP,2.55315635737193e-52,negative regulation of protein modification process
Up,382,594,GO:0032270,4.96958135759839e-52,1,32,32,positive regulation of cellular protein metabolic process,BP,4.15151181103988e-51,negative regulation of protein modification process
Up,453,665,GO:0001932,1.0119111620186e-38,1,24,24,regulation of protein phosphorylation,BP,7.56148294921236e-38,negative regulation of protein modification process
Up,454,666,GO:0032269,1.42634132208175e-38,1,24,24,negative regulation of cellular protein metabolic process,BP,1.06339131060466e-37,negative regulation of protein modification process
Up,455,667,GO:0051248,1.42634132208175e-38,1,24,24,negative regulation of protein metabolic process,BP,1.06339131060466e-37,negative regulation of protein modification process
Up,495,707,GO:0031401,3.318712625127e-34,1,21,21,positive regulation of protein modification process,BP,2.30786888637433e-33,negative regulation of protein modification process
Up,1,1,GO:0000122,0,1,16,16,negative regulation of transcription by RNA polymerase II,BP,0,negative regulation of transcription by RNA polymerase II
Up,224,436,GO:0048519,3.38947613988567e-168,1,104,104,negative regulation of biological process,BP,3.80790112543017e-167,negative regulation of transcription by RNA polymerase II
Up,230,442,GO:0048523,1.16544470590393e-152,1,95,95,negative regulation of cellular process,BP,1.29150301082823e-151,negative regulation of transcription by RNA polymerase II
Up,275,487,GO:0009892,6.46405217765211e-98,1,61,61,negative regulation of metabolic process,BP,6.55050761890842e-97,negative regulation of transcription by RNA polymerase II
Up,288,500,GO:0010605,9.27294458846382e-89,1,55,55,negative regulation of macromolecule metabolic process,BP,9.1827518143511e-88,negative regulation of transcription by RNA polymerase II
Up,291,503,GO:0031324,8.19746045241115e-88,1,55,55,negative regulation of cellular metabolic process,BP,8.08088537184736e-87,negative regulation of transcription by RNA polymerase II
Up,304,516,GO:0051172,2.12019002873885e-80,1,50,50,negative regulation of nitrogen compound metabolic process,BP,2.02865759578008e-79,negative regulation of transcription by RNA polymerase II
Up,360,572,GO:0010629,4.31030017759505e-58,1,35,35,negative regulation of gene expression,BP,3.72986931702647e-57,negative regulation of transcription by RNA polymerase II
Up,391,603,GO:0045934,1.26865161415424e-50,1,31,31,negative regulation of nucleobase-containing compound metabolic process,BP,1.04507382020594e-49,negative regulation of transcription by RNA polymerase II
Up,397,609,GO:0009890,5.01203804333168e-49,1,30,30,negative regulation of biosynthetic process,BP,4.08230498629365e-48,negative regulation of transcription by RNA polymerase II
Up,398,610,GO:0031327,5.01203804333168e-49,1,30,30,negative regulation of cellular biosynthetic process,BP,4.08230498629365e-48,negative regulation of transcription by RNA polymerase II
Up,411,623,GO:0051253,1.57754403671066e-46,1,28,28,negative regulation of RNA metabolic process,BP,1.26126097462659e-45,negative regulation of transcription by RNA polymerase II
Up,422,634,GO:0010558,1.65355356132975e-44,1,27,27,negative regulation of macromolecule biosynthetic process,BP,1.30127475913341e-43,negative regulation of transcription by RNA polymerase II
Up,423,635,GO:2000113,1.65355356132975e-44,1,27,27,negative regulation of cellular macromolecule biosynthetic process,BP,1.30127475913341e-43,negative regulation of transcription by RNA polymerase II
Up,447,659,GO:0045892,8.26159154296416e-40,1,24,24,"negative regulation of transcription, DNA-templated",BP,6.21622753971761e-39,negative regulation of transcription by RNA polymerase II
Up,448,660,GO:1902679,8.26159154296416e-40,1,24,24,negative regulation of RNA biosynthetic process,BP,6.21622753971761e-39,negative regulation of transcription by RNA polymerase II
Up,449,661,GO:1903507,8.26159154296416e-40,1,24,24,negative regulation of nucleic acid-templated transcription,BP,6.21622753971761e-39,negative regulation of transcription by RNA polymerase II
Up,205,417,GO:0006807,1.06274129883173e-257,1,155,155,nitrogen compound metabolic process,BP,1.25677355774729e-256,nitrogen compound metabolic process
Up,216,428,GO:1901564,6.65716742663593e-183,1,112,112,organonitrogen compound metabolic process,BP,7.6504590744197e-182,nitrogen compound metabolic process
Up,231,443,GO:0034641,5.90672215822176e-151,1,91,91,cellular nitrogen compound metabolic process,BP,6.53449941985959e-150,nitrogen compound metabolic process
Up,239,451,GO:0019538,2.37426584699355e-130,1,80,80,protein metabolic process,BP,2.578452709835e-129,nitrogen compound metabolic process
Up,245,457,GO:0044267,8.54558720243018e-118,1,73,73,cellular protein metabolic process,BP,9.14335734171347e-117,nitrogen compound metabolic process
Up,442,654,GO:1901566,8.71495042483334e-41,1,25,25,organonitrogen compound biosynthetic process,BP,6.64170958692562e-40,nitrogen compound metabolic process
Up,134,282,GO:0048477,0,1,16,16,oogenesis,BP,0,oogenesis
Up,271,483,GO:0051704,3.89378987018256e-100,1,63,63,multi-organism process,BP,3.97056882536926e-99,oogenesis
Up,306,518,GO:0044703,2.10518599412551e-78,1,49,49,multi-organism reproductive process,BP,2.00840291913936e-77,oogenesis
Up,314,526,GO:0019953,2.63689567742489e-73,1,46,46,sexual reproduction,BP,2.48294974481222e-72,oogenesis
Up,315,527,GO:0007276,1.60763310059256e-71,1,45,45,gamete generation,BP,1.50941459415867e-70,oogenesis
Up,463,675,GO:0048232,8.27710595201321e-38,1,24,24,male gamete generation,BP,6.08731629608556e-37,oogenesis
Up,477,689,GO:0007292,6.43151617075949e-36,1,22,22,female gamete generation,BP,4.6052482822713e-35,oogenesis
Up,538,750,GO:0007283,8.00733180679465e-30,1,19,19,spermatogenesis,BP,5.26496206388233e-29,oogenesis
Up,22,53,GO:0006753,0,1,17,17,nucleoside phosphate metabolic process,BP,0,organic acid biosynthetic process
Up,47,107,GO:0009117,0,1,17,17,nucleotide metabolic process,BP,0,organic acid biosynthetic process
Up,70,153,GO:0016053,0,1,15,15,organic acid biosynthetic process,BP,0,organic acid biosynthetic process
Up,96,198,GO:0032787,0,1,17,17,monocarboxylic acid metabolic process,BP,0,organic acid biosynthetic process
Up,131,273,GO:0046394,0,1,15,15,carboxylic acid biosynthetic process,BP,0,organic acid biosynthetic process
Up,292,504,GO:0044281,8.28279568508778e-87,1,53,53,small molecule metabolic process,BP,8.15267321511057e-86,organic acid biosynthetic process
Up,390,602,GO:0006082,1.19885073285164e-50,1,31,31,organic acid metabolic process,BP,9.88824224716621e-50,organic acid biosynthetic process
Up,399,611,GO:0043436,6.03244961151486e-49,1,30,30,oxoacid metabolic process,BP,4.90729608846827e-48,organic acid biosynthetic process
Up,407,619,GO:0019752,3.53169338202532e-47,1,29,29,carboxylic acid metabolic process,BP,2.83754797500333e-46,organic acid biosynthetic process
Up,473,685,GO:0055086,8.89352908003243e-37,1,23,23,nucleobase-containing small molecule metabolic process,BP,6.44607736212362e-36,organic acid biosynthetic process
Up,505,717,GO:0044283,3.14519318944999e-33,1,20,20,small molecule biosynthetic process,BP,2.16410547227626e-32,organic acid biosynthetic process
Up,188,391,GO:1901615,0,1,14,14,organic hydroxy compound metabolic process,BP,0,organic hydroxy compound metabolic process
Up,380,592,GO:0055114,3.09605490385943e-52,1,31,31,oxidation-reduction process,BP,2.59304546960771e-51,oxidation-reduction process
Up,65,144,GO:0010720,0,1,13,13,positive regulation of cell development,BP,0,positive regulation of cell development
Up,123,259,GO:0045596,0,1,16,16,negative regulation of cell differentiation,BP,0,positive regulation of cell development
Up,250,462,GO:0050793,1.14272567459415e-111,1,69,69,regulation of developmental process,BP,1.21270366378754e-110,positive regulation of cell development
Up,293,505,GO:2000026,8.49956970929291e-87,1,54,54,regulation of multicellular organismal development,BP,8.35342326180281e-86,positive regulation of cell development
Up,323,535,GO:0045595,1.21911698500782e-67,1,41,41,regulation of cell differentiation,BP,1.12998097785362e-66,positive regulation of cell development
Up,353,565,GO:0051094,4.20502071709245e-59,1,36,36,positive regulation of developmental process,BP,3.67784093860059e-58,positive regulation of cell development
Up,436,648,GO:0051093,1.01831895451136e-42,1,26,26,negative regulation of developmental process,BP,7.85250450603081e-42,positive regulation of cell development
Up,462,674,GO:0045597,7.41767552872457e-38,1,22,22,positive regulation of cell differentiation,BP,5.46142076216602e-37,positive regulation of cell development
Up,490,702,GO:0060284,8.49623353410863e-35,1,21,21,regulation of cell development,BP,5.97855914775938e-34,positive regulation of cell development
Up,104,221,GO:0040007,0,1,16,16,growth,BP,0,positive regulation of growth
Up,128,269,GO:0045927,0,1,13,13,positive regulation of growth,BP,0,positive regulation of growth
Up,138,289,GO:0048589,0,1,15,15,developmental growth,BP,0,positive regulation of growth
Up,403,615,GO:0040008,3.06145221447813e-48,1,30,30,regulation of growth,BP,2.4719234980842e-47,positive regulation of growth
Up,521,733,GO:0048638,4.49015800477847e-31,1,19,19,regulation of developmental growth,BP,3.01316885264021e-30,positive regulation of growth
Up,6,17,GO:0001933,0,1,12,12,negative regulation of protein phosphorylation,BP,0,positive regulation of phosphate metabolic process
Up,18,46,GO:0006468,0,1,16,16,protein phosphorylation,BP,0,positive regulation of phosphate metabolic process
Up,49,117,GO:0009259,0,1,13,13,ribonucleotide metabolic process,BP,0,positive regulation of phosphate metabolic process
Up,62,140,GO:0010562,0,1,17,17,positive regulation of phosphorus metabolic process,BP,0,positive regulation of phosphate metabolic process
Up,63,141,GO:0010563,0,1,15,15,negative regulation of phosphorus metabolic process,BP,0,positive regulation of phosphate metabolic process
Up,75,164,GO:0019693,0,1,13,13,ribose phosphate metabolic process,BP,0,positive regulation of phosphate metabolic process
Up,107,227,GO:0042326,0,1,12,12,negative regulation of phosphorylation,BP,0,positive regulation of phosphate metabolic process
Up,108,228,GO:0042327,0,1,16,16,positive regulation of phosphorylation,BP,0,positive regulation of phosphate metabolic process
Up,129,270,GO:0045936,0,1,15,15,negative regulation of phosphate metabolic process,BP,0,positive regulation of phosphate metabolic process
Up,130,271,GO:0045937,0,1,17,17,positive regulation of phosphate metabolic process,BP,0,positive regulation of phosphate metabolic process
Up,178,367,GO:0090407,0,1,11,11,organophosphate biosynthetic process,BP,0,positive regulation of phosphate metabolic process
Up,303,515,GO:0006793,5.02677473994664e-82,1,51,51,phosphorus metabolic process,BP,4.81683297139593e-81,positive regulation of phosphate metabolic process
Up,305,517,GO:0006796,1.04695469255911e-78,1,49,49,phosphate-containing compound metabolic process,BP,1.00028691740691e-77,positive regulation of phosphate metabolic process
Up,383,595,GO:0019220,1.74869135120035e-51,1,32,32,regulation of phosphate metabolic process,BP,1.45523280260811e-50,positive regulation of phosphate metabolic process
Up,384,596,GO:0051174,1.74869135120035e-51,1,32,32,regulation of phosphorus metabolic process,BP,1.45523280260811e-50,positive regulation of phosphate metabolic process
Up,429,641,GO:0019637,8.41184421851122e-44,1,27,27,organophosphate metabolic process,BP,6.5721315261174e-43,positive regulation of phosphate metabolic process
Up,432,644,GO:0042325,1.21551172100624e-43,1,27,27,regulation of phosphorylation,BP,9.46269339794102e-43,positive regulation of phosphate metabolic process
Up,451,663,GO:0016310,2.86670973052232e-39,1,25,25,phosphorylation,BP,2.15201389447966e-38,positive regulation of phosphate metabolic process
Up,3,7,GO:0000904,0,1,16,16,cell morphogenesis involved in differentiation,BP,0,post-embryonic animal morphogenesis
Up,9,23,GO:0002119,0,1,11,11,nematode larval development,BP,0,post-embryonic animal morphogenesis
Up,10,24,GO:0002164,0,1,15,15,larval development,BP,0,post-embryonic animal morphogenesis
Up,55,128,GO:0009886,0,1,14,14,post-embryonic animal morphogenesis,BP,0,post-embryonic animal morphogenesis
Up,79,169,GO:0022604,0,1,13,13,regulation of cell morphogenesis,BP,0,post-embryonic animal morphogenesis
Up,99,203,GO:0032990,0,1,17,17,cell part morphogenesis,BP,0,post-embryonic animal morphogenesis
Up,135,284,GO:0048563,0,1,13,13,post-embryonic animal organ morphogenesis,BP,0,post-embryonic animal morphogenesis
Up,142,295,GO:0048667,0,1,15,15,cell morphogenesis involved in neuron differentiation,BP,0,post-embryonic animal morphogenesis
Up,143,301,GO:0048812,0,1,15,15,neuron projection morphogenesis,BP,0,post-embryonic animal morphogenesis
Up,144,302,GO:0048858,0,1,15,15,cell projection morphogenesis,BP,0,post-embryonic animal morphogenesis
Up,185,383,GO:0120039,0,1,15,15,plasma membrane bounded cell projection morphogenesis,BP,0,post-embryonic animal morphogenesis
Up,247,459,GO:0009653,2.59077114440588e-115,1,72,72,anatomical structure morphogenesis,BP,2.76292385874774e-114,post-embryonic animal morphogenesis
Up,369,581,GO:0048646,3.80978161776055e-55,1,34,34,anatomical structure formation involved in morphogenesis,BP,3.24503751912781e-54,post-embryonic animal morphogenesis
Up,393,605,GO:0032989,2.53223188595064e-50,1,31,31,cellular component morphogenesis,BP,2.08070907551757e-49,post-embryonic animal morphogenesis
Up,428,640,GO:0009791,7.81610105347193e-44,1,27,27,post-embryonic development,BP,6.11401134026688e-43,post-embryonic animal morphogenesis
Up,452,664,GO:0000902,9.99414328383636e-39,1,24,24,cell morphogenesis,BP,7.47667481486541e-38,post-embryonic animal morphogenesis
Up,478,690,GO:0022603,1.46108492246765e-35,1,22,22,regulation of anatomical structure morphogenesis,BP,1.045052618529e-34,post-embryonic animal morphogenesis
Up,29,65,GO:0006915,0,1,11,11,apoptotic process,BP,0,programmed cell death
Up,43,99,GO:0008219,0,1,15,15,cell death,BP,0,programmed cell death
Up,67,149,GO:0012501,0,1,14,14,programmed cell death,BP,0,programmed cell death
Up,110,234,GO:0043065,0,1,16,16,positive regulation of apoptotic process,BP,0,programmed cell death
Up,111,235,GO:0043068,0,1,17,17,positive regulation of programmed cell death,BP,0,programmed cell death
Up,317,529,GO:0010941,1.21109525189042e-70,1,44,44,regulation of cell death,BP,1.13383572720086e-69,programmed cell death
Up,344,556,GO:0043067,9.5169970996137e-63,1,39,39,regulation of programmed cell death,BP,8.5065504939757e-62,programmed cell death
Up,348,560,GO:0042981,3.15894623368256e-61,1,38,38,regulation of apoptotic process,BP,2.80050253859531e-60,programmed cell death
Up,438,650,GO:0060548,2.64532341016581e-41,1,26,26,negative regulation of cell death,BP,2.02787380478122e-40,programmed cell death
Up,471,683,GO:0043066,7.50659297465428e-37,1,23,23,negative regulation of apoptotic process,BP,5.44687748584045e-36,programmed cell death
Up,472,684,GO:0043069,7.50659297465428e-37,1,23,23,negative regulation of programmed cell death,BP,5.44687748584045e-36,programmed cell death
Up,524,736,GO:0010942,1.04674594763565e-30,1,19,19,positive regulation of cell death,BP,7.00266590841263e-30,programmed cell death
Up,19,47,GO:0006511,0,1,14,14,ubiquitin-dependent protein catabolic process,BP,0,proteasomal protein catabolic process
Up,56,130,GO:0009896,0,1,15,15,positive regulation of catabolic process,BP,0,proteasomal protein catabolic process
Up,61,138,GO:0010498,0,1,11,11,proteasomal protein catabolic process,BP,0,proteasomal protein catabolic process
Up,76,165,GO:0019941,0,1,15,15,modification-dependent protein catabolic process,BP,0,proteasomal protein catabolic process
Up,106,225,GO:0042176,0,1,17,17,regulation of protein catabolic process,BP,0,proteasomal protein catabolic process
Up,119,248,GO:0043632,0,1,15,15,modification-dependent macromolecule catabolic process,BP,0,proteasomal protein catabolic process
Up,125,262,GO:0045732,0,1,12,12,positive regulation of protein catabolic process,BP,0,proteasomal protein catabolic process
Up,160,328,GO:0051603,0,1,17,17,proteolysis involved in cellular protein catabolic process,BP,0,proteasomal protein catabolic process
Up,309,521,GO:0009056,1.67536571193967e-76,1,47,47,catabolic process,BP,1.5913532039357e-75,proteasomal protein catabolic process
Up,318,530,GO:0044248,1.97954227804758e-70,1,43,43,cellular catabolic process,BP,1.85060222148608e-69,proteasomal protein catabolic process
Up,319,531,GO:1901575,1.11118507606634e-69,1,43,43,organic substance catabolic process,BP,1.03731833175477e-68,proteasomal protein catabolic process
Up,419,631,GO:0009057,3.39033757665822e-45,1,28,28,macromolecule catabolic process,BP,2.68099995746419e-44,proteasomal protein catabolic process
Up,426,638,GO:0009894,4.30935579564477e-44,1,28,28,regulation of catabolic process,BP,3.37903277550197e-43,proteasomal protein catabolic process
Up,433,645,GO:0044265,1.23700154797982e-43,1,27,27,cellular macromolecule catabolic process,BP,9.6184989100674e-43,proteasomal protein catabolic process
Up,443,655,GO:1901565,1.29490490614671e-40,1,25,25,organonitrogen compound catabolic process,BP,9.82258482939696e-40,proteasomal protein catabolic process
Up,511,723,GO:0030163,3.80500582313575e-32,1,20,20,protein catabolic process,BP,2.59345375978583e-31,proteasomal protein catabolic process
Up,512,724,GO:0031329,5.48075845667534e-32,1,20,20,regulation of cellular catabolic process,BP,3.72783111729609e-31,proteasomal protein catabolic process
Up,541,755,GO:0044257,4.28509673061086e-29,1,18,18,cellular protein catabolic process,BP,2.79496399365969e-28,proteasomal protein catabolic process
Up,72,158,GO:0016567,0,1,13,13,protein ubiquitination,BP,0,protein ubiquitination
Up,94,196,GO:0032446,0,1,15,15,protein modification by small protein conjugation,BP,0,protein ubiquitination
Up,269,481,GO:0043412,3.64636627597267e-101,1,63,63,macromolecule modification,BP,3.73580544877954e-100,protein ubiquitination
Up,278,490,GO:0006464,3.04393066747255e-96,1,60,60,cellular protein modification process,BP,3.06557221472197e-95,protein ubiquitination
Up,279,491,GO:0036211,3.04393066747255e-96,1,60,60,protein modification process,BP,3.06557221472197e-95,protein ubiquitination
Up,466,678,GO:0018193,1.38210347027509e-37,1,23,23,peptidyl-amino acid modification,BP,1.01302432084505e-36,protein ubiquitination
Up,479,691,GO:0070647,1.50048927117367e-35,1,22,22,protein modification by small protein conjugation or removal,BP,1.07206009769382e-34,protein ubiquitination
Up,374,586,GO:0006508,4.70842435158906e-54,1,33,33,proteolysis,BP,3.97925980219901e-53,proteolysis
Up,537,749,GO:0030162,5.51359902542246e-30,1,19,19,regulation of proteolysis,BP,3.62895063127805e-29,proteolysis
Up,14,40,GO:0006163,0,1,13,13,purine nucleotide metabolic process,BP,0,purine ribonucleotide metabolic process
Up,48,112,GO:0009150,0,1,13,13,purine ribonucleotide metabolic process,BP,0,purine ribonucleotide metabolic process
Up,174,362,GO:0072521,0,1,14,14,purine-containing compound metabolic process,BP,0,purine ribonucleotide metabolic process
Up,236,448,GO:1901360,1.50193107122496e-144,1,88,88,organic cyclic compound metabolic process,BP,1.64480384203393e-143,purine ribonucleotide metabolic process
Up,333,545,GO:1901362,2.86182132708398e-64,1,39,39,organic cyclic compound biosynthetic process,BP,2.59716264168234e-63,purine ribonucleotide metabolic process
Up,86,180,GO:0030334,0,1,16,16,regulation of cell migration,BP,0,regulation of cell migration
Up,87,181,GO:0030335,0,1,11,11,positive regulation of cell migration,BP,0,regulation of cell migration
Up,154,321,GO:0051272,0,1,11,11,positive regulation of cellular component movement,BP,0,regulation of cell migration
Up,196,408,GO:2000145,0,1,16,16,regulation of cell motility,BP,0,regulation of cell migration
Up,197,409,GO:2000147,0,1,11,11,positive regulation of cell motility,BP,0,regulation of cell migration
Up,324,536,GO:0006928,4.81938064053875e-67,1,43,43,movement of cell or subcellular component,BP,4.44802893112613e-66,regulation of cell migration
Up,539,753,GO:0051270,1.70344620438499e-29,1,19,19,regulation of cellular component movement,BP,1.11330546316676e-28,regulation of cell migration
Up,89,188,GO:0031347,0,1,15,15,regulation of defense response,BP,0,regulation of cellular response to stress
Up,177,365,GO:0080135,0,1,16,16,regulation of cellular response to stress,BP,0,regulation of cellular response to stress
Up,240,452,GO:0048583,2.65792817154507e-125,1,79,79,regulation of response to stimulus,BP,2.87692026009762e-124,regulation of cellular response to stress
Up,335,547,GO:0048584,7.79387081616471e-64,1,40,40,positive regulation of response to stimulus,BP,7.05345308862907e-63,regulation of cellular response to stress
Up,394,606,GO:0080134,1.13863482853548e-49,1,31,31,regulation of response to stress,BP,9.33250885878895e-49,regulation of cellular response to stress
Up,396,608,GO:0048585,2.55339874783637e-49,1,31,31,negative regulation of response to stimulus,BP,2.08757167388981e-48,regulation of cellular response to stress
Up,11,35,GO:0002684,0,1,16,16,positive regulation of immune system process,BP,0,regulation of immune response
Up,146,305,GO:0050776,0,1,17,17,regulation of immune response,BP,0,regulation of immune response
Up,316,528,GO:0002376,2.58994782390147e-71,1,44,44,immune system process,BP,2.42821583029381e-70,regulation of immune response
Up,395,607,GO:0002682,1.39079937629778e-49,1,31,31,regulation of immune system process,BP,1.13849858491913e-48,regulation of immune response
Up,459,671,GO:0006955,6.41190626569603e-38,1,24,24,immune response,BP,4.73695932282033e-37,regulation of immune response
Up,530,742,GO:0002252,3.53413101199319e-30,1,19,19,immune effector process,BP,2.34983649736201e-29,regulation of immune response
Up,93,195,GO:0032388,0,1,13,13,positive regulation of intracellular transport,BP,0,regulation of intracellular protein transport
Up,100,205,GO:0033157,0,1,11,11,regulation of intracellular protein transport,BP,0,regulation of intracellular protein transport
Up,103,212,GO:0034762,0,1,11,11,regulation of transmembrane transport,BP,0,regulation of intracellular protein transport
Up,152,318,GO:0051222,0,1,12,12,positive regulation of protein transport,BP,0,regulation of intracellular protein transport
Up,194,405,GO:1903829,0,1,12,12,positive regulation of cellular protein localization,BP,0,regulation of intracellular protein transport
Up,195,407,GO:1904951,0,1,12,12,positive regulation of establishment of protein localization,BP,0,regulation of intracellular protein transport
Up,282,494,GO:0032879,1.07106527911638e-94,1,60,60,regulation of localization,BP,1.07205243605565e-93,regulation of intracellular protein transport
Up,351,563,GO:0051049,9.04782126946142e-60,1,38,38,regulation of transport,BP,7.95622178027134e-59,regulation of intracellular protein transport
Up,381,593,GO:0060341,3.11768716988106e-52,1,33,33,regulation of cellular localization,BP,2.60781124505071e-51,regulation of intracellular protein transport
Up,417,629,GO:0032880,2.14719864056707e-45,1,29,29,regulation of protein localization,BP,1.70415911594824e-44,regulation of intracellular protein transport
Up,467,679,GO:0051050,1.51218038142964e-37,1,24,24,positive regulation of transport,BP,1.10711992869613e-36,regulation of intracellular protein transport
Up,518,730,GO:1903827,2.70148708204468e-31,1,20,20,regulation of cellular protein localization,BP,1.8203608920996e-30,regulation of intracellular protein transport
Up,533,745,GO:0070201,3.94639694706281e-30,1,19,19,regulation of establishment of protein localization,BP,2.61594328657795e-29,regulation of intracellular protein transport
Up,544,758,GO:0060627,9.85371687717192e-29,1,18,18,regulation of vesicle-mediated transport,BP,6.40786618479563e-28,regulation of intracellular protein transport
Up,546,760,GO:0051223,1.21354075706927e-28,1,18,18,regulation of protein transport,BP,7.868091117476e-28,regulation of intracellular protein transport
Up,547,761,GO:0090087,1.21354075706927e-28,1,18,18,regulation of peptide transport,BP,7.868091117476e-28,regulation of intracellular protein transport
Up,549,763,GO:0032386,2.75483777860863e-28,1,18,18,regulation of intracellular transport,BP,1.78080584974343e-27,regulation of intracellular protein transport
Up,101,206,GO:0033674,0,1,11,11,positive regulation of kinase activity,BP,0,regulation of protein kinase activity
Up,112,236,GO:0043087,0,1,15,15,regulation of GTPase activity,BP,0,regulation of protein kinase activity
Up,116,245,GO:0043547,0,1,13,13,positive regulation of GTPase activity,BP,0,regulation of protein kinase activity
Up,117,246,GO:0043549,0,1,17,17,regulation of kinase activity,BP,0,regulation of protein kinase activity
Up,127,264,GO:0045859,0,1,15,15,regulation of protein kinase activity,BP,0,regulation of protein kinase activity
Up,157,324,GO:0051346,0,1,11,11,negative regulation of hydrolase activity,BP,0,regulation of protein kinase activity
Up,158,325,GO:0051347,0,1,13,13,positive regulation of transferase activity,BP,0,regulation of protein kinase activity
Up,267,479,GO:0065009,1.80545920650567e-102,1,64,64,regulation of molecular function,BP,1.85557920971466e-101,regulation of protein kinase activity
Up,294,506,GO:0050790,1.51369491771297e-86,1,54,54,regulation of catalytic activity,BP,1.48319339606281e-85,regulation of protein kinase activity
Up,341,553,GO:0044093,5.15068331672603e-63,1,39,39,positive regulation of molecular function,BP,4.62284469583841e-62,regulation of protein kinase activity
Up,356,568,GO:0051336,1.05042545392382e-58,1,37,37,regulation of hydrolase activity,BP,9.13828071798081e-58,regulation of protein kinase activity
Up,373,585,GO:0043085,1.8086659722741e-54,1,34,34,positive regulation of catalytic activity,BP,1.53254453515449e-53,regulation of protein kinase activity
Up,440,652,GO:0044092,6.29993561126715e-41,1,26,26,negative regulation of molecular function,BP,4.81247132977922e-40,regulation of protein kinase activity
Up,456,668,GO:0051345,1.72817727364623e-38,1,24,24,positive regulation of hydrolase activity,BP,1.2854798076574e-37,regulation of protein kinase activity
Up,543,757,GO:0051338,9.26680798821545e-29,1,18,18,regulation of transferase activity,BP,6.03221986525593e-28,regulation of protein kinase activity
Up,548,762,GO:0043086,2.19567382936726e-28,1,18,18,negative regulation of catalytic activity,BP,1.42216805886253e-27,regulation of protein kinase activity
Up,392,604,GO:0009719,2.48435430100853e-50,1,31,31,response to endogenous stimulus,BP,2.04394603855702e-49,response to endogenous stimulus
Up,470,682,GO:0009725,3.56369134783356e-37,1,23,23,response to hormone,BP,2.59452657234452e-36,response to endogenous stimulus
Up,492,704,GO:0071495,1.64218366884173e-34,1,21,21,cellular response to endogenous stimulus,BP,1.14688840151904e-33,response to endogenous stimulus
Up,58,133,GO:0009991,0,1,17,17,response to extracellular stimulus,BP,0,response to extracellular stimulus
Up,91,192,GO:0031667,0,1,17,17,response to nutrient levels,BP,0,response to extracellular stimulus
Up,92,193,GO:0032101,0,1,15,15,regulation of response to external stimulus,BP,0,response to extracellular stimulus
Up,342,554,GO:0009605,5.63484547559241e-63,1,39,39,response to external stimulus,BP,5.05043371650071e-62,response to extracellular stimulus
Up,52,122,GO:0009607,0,1,15,15,response to biotic stimulus,BP,0,response to other organism
Up,113,238,GO:0043207,0,1,15,15,response to external biotic stimulus,BP,0,response to other organism
Up,162,333,GO:0051707,0,1,15,15,response to other organism,BP,0,response to other organism
Up,207,419,GO:0050896,1.90426945156294e-246,1,149,149,response to stimulus,BP,2.23975085674803e-245,response to other organism
Up,223,435,GO:0051716,1.44277532598319e-168,1,103,103,cellular response to stimulus,BP,1.62368290571787e-167,response to other organism
Up,50,118,GO:0009266,0,1,13,13,response to temperature stimulus,BP,0,response to radiation
Up,51,119,GO:0009314,0,1,12,12,response to radiation,BP,0,response to radiation
Up,171,352,GO:0070482,0,1,13,13,response to oxygen levels,BP,0,response to radiation
Up,340,552,GO:0009628,4.83723028612205e-63,1,39,39,response to abiotic stimulus,BP,4.34750241991328e-62,response to radiation
Up,38,87,GO:0007507,0,1,13,13,heart development,BP,0,sensory organ morphogenesis
Up,136,285,GO:0048565,0,1,14,14,digestive tract development,BP,0,sensory organ morphogenesis
Up,137,287,GO:0048569,0,1,17,17,post-embryonic animal organ development,BP,0,sensory organ morphogenesis
Up,139,290,GO:0048592,0,1,14,14,eye morphogenesis,BP,0,sensory organ morphogenesis
Up,141,293,GO:0048608,0,1,12,12,reproductive structure development,BP,0,sensory organ morphogenesis
Up,166,343,GO:0055123,0,1,14,14,digestive system development,BP,0,sensory organ morphogenesis
Up,169,349,GO:0061458,0,1,12,12,reproductive system development,BP,0,sensory organ morphogenesis
Up,179,368,GO:0090596,0,1,16,16,sensory organ morphogenesis,BP,0,sensory organ morphogenesis
Up,220,432,GO:0048731,6.01245959653388e-175,1,108,108,system development,BP,6.81342377930691e-174,sensory organ morphogenesis
Up,235,447,GO:0048513,2.12086663724626e-146,1,90,90,animal organ development,BP,2.330449748448e-145,sensory organ morphogenesis
Up,260,472,GO:0007399,4.0197687670065e-106,1,67,67,nervous system development,BP,4.1908501257303e-105,sensory organ morphogenesis
Up,297,509,GO:0022008,3.81448980763241e-84,1,53,53,neurogenesis,BP,3.71527886196305e-83,sensory organ morphogenesis
Up,312,524,GO:0048699,1.80569977651307e-74,1,47,47,generation of neurons,BP,1.70520865851582e-73,sensory organ morphogenesis
Up,358,570,GO:0009887,1.51138335980157e-58,1,37,37,animal organ morphogenesis,BP,1.31134140778522e-57,sensory organ morphogenesis
Up,359,571,GO:0030182,1.74713519427159e-58,1,37,37,neuron differentiation,BP,1.51387405929171e-57,sensory organ morphogenesis
Up,375,587,GO:0048666,7.88747888181337e-54,1,34,34,neuron development,BP,6.6573591183803e-53,sensory organ morphogenesis
Up,437,649,GO:0007417,2.00650736099655e-42,1,27,27,central nervous system development,BP,1.54543758442713e-41,sensory organ morphogenesis
Up,441,653,GO:0007423,6.67083338682949e-41,1,25,25,sensory organ development,BP,5.08983025159028e-40,sensory organ morphogenesis
Up,475,687,GO:0001654,3.78824120858237e-36,1,22,22,eye development,BP,2.73055085344278e-35,sensory organ morphogenesis
Up,494,706,GO:0072359,3.03821823508691e-34,1,20,20,circulatory system development,BP,2.1150673098105e-33,sensory organ morphogenesis
Up,540,754,GO:0031175,1.75979831000542e-29,1,18,18,neuron projection development,BP,1.14898254388731e-28,sensory organ morphogenesis
Up,42,94,GO:0007600,0,1,12,12,sensory perception,BP,0,sensory perception
Up,66,147,GO:0010975,0,1,13,13,regulation of neuron projection development,BP,0,sensory perception
Up,120,251,GO:0044057,0,1,14,14,regulation of system process,BP,0,sensory perception
Up,124,260,GO:0045664,0,1,15,15,regulation of neuron differentiation,BP,0,sensory perception
Up,145,304,GO:0050769,0,1,11,11,positive regulation of neurogenesis,BP,0,sensory perception
Up,163,335,GO:0051962,0,1,14,14,positive regulation of nervous system development,BP,0,sensory perception
Up,204,416,GO:0032501,1.79410992584278e-263,1,160,160,multicellular organismal process,BP,2.12553095941664e-262,sensory perception
Up,246,458,GO:0051239,2.57588311076347e-115,1,71,71,regulation of multicellular organismal process,BP,2.75154989339914e-114,sensory perception
Up,325,537,GO:0051240,5.13171483679722e-67,1,41,41,positive regulation of multicellular organismal process,BP,4.72959743657294e-66,sensory perception
Up,379,591,GO:0003008,4.48051464788132e-53,1,32,32,system process,BP,3.76224657804055e-52,sensory perception
Up,408,620,GO:0051241,7.32522871316026e-47,1,29,29,negative regulation of multicellular organismal process,BP,5.8782254057823e-46,sensory perception
Up,430,642,GO:0051960,8.69250331193444e-44,1,27,27,regulation of nervous system development,BP,6.783275638391e-43,sensory perception
Up,465,677,GO:0050877,1.17223599329388e-37,1,23,23,nervous system process,BP,8.60167762646723e-37,sensory perception
Up,519,731,GO:0050767,2.99513272169078e-31,1,19,19,regulation of neurogenesis,BP,2.01614512546871e-30,sensory perception
Up,40,89,GO:0007548,0,1,13,13,sex differentiation,BP,0,sex differentiation
Up,274,486,GO:0000003,3.72517890658238e-98,1,62,62,reproduction,BP,3.78088251640043e-97,sex differentiation
Up,281,493,GO:0022414,6.83185200408164e-95,1,60,60,reproductive process,BP,6.85922151904407e-94,sex differentiation
Up,307,519,GO:0032504,5.8736698468798e-78,1,49,49,multicellular organism reproduction,BP,5.58727484996625e-77,sex differentiation
Up,308,520,GO:0048609,5.8736698468798e-78,1,49,49,multicellular organismal reproductive process,BP,5.58727484996625e-77,sex differentiation
Up,361,573,GO:0003006,3.3968676091222e-57,1,36,36,developmental process involved in reproduction,BP,2.93165421735632e-56,sex differentiation
Up,389,601,GO:0022412,6.27304460951469e-51,1,32,32,cellular process involved in reproduction in multicellular organism,BP,5.18720287761392e-50,sex differentiation
Up,484,696,GO:0007281,3.17298153181787e-35,1,22,22,germ cell development,BP,2.24974403278838e-34,sex differentiation
Up,23,54,GO:0006790,0,1,14,14,sulfur compound metabolic process,BP,0,sulfur compound metabolic process
Up,16,43,GO:0006366,0,1,12,12,transcription by RNA polymerase II,BP,0,transcription by RNA polymerase II
Up,251,463,GO:0009058,1.97513595353474e-110,1,67,67,biosynthetic process,BP,2.08928342097928e-109,transcription by RNA polymerase II
Up,254,466,GO:1901576,5.12536330851968e-109,1,66,66,organic substance biosynthetic process,BP,5.39529358938841e-108,transcription by RNA polymerase II
Up,262,474,GO:0044249,2.37585715499364e-105,1,64,64,cellular biosynthetic process,BP,2.46907260318e-104,transcription by RNA polymerase II
Up,322,534,GO:0044271,8.52724934488188e-68,1,41,41,cellular nitrogen compound biosynthetic process,BP,7.91503657140318e-67,transcription by RNA polymerase II
Up,327,539,GO:0009059,4.544156142252e-66,1,40,40,macromolecule biosynthetic process,BP,4.17038329900197e-65,transcription by RNA polymerase II
Up,332,544,GO:0034645,2.42785819771045e-64,1,39,39,cellular macromolecule biosynthetic process,BP,2.20640502319126e-63,transcription by RNA polymerase II
Up,355,567,GO:0006357,8.97560847260857e-59,1,36,36,regulation of transcription by RNA polymerase II,BP,7.81885893148629e-58,transcription by RNA polymerase II
Up,371,583,GO:0018130,1.40150850883976e-54,1,33,33,heterocycle biosynthetic process,BP,1.18909237546873e-53,transcription by RNA polymerase II
Up,372,584,GO:0019438,1.40150850883976e-54,1,33,33,aromatic compound biosynthetic process,BP,1.18909237546873e-53,transcription by RNA polymerase II
Up,388,600,GO:0034654,4.24987239322961e-51,1,31,31,nucleobase-containing compound biosynthetic process,BP,3.51869993828261e-50,transcription by RNA polymerase II
Up,525,737,GO:0006351,1.25059931286066e-30,1,18,18,"transcription, DNA-templated",BP,8.34074219303997e-30,transcription by RNA polymerase II
Up,526,738,GO:0032774,1.25059931286066e-30,1,18,18,RNA biosynthetic process,BP,8.34074219303997e-30,transcription by RNA polymerase II
Up,527,739,GO:0097659,1.25059931286066e-30,1,18,18,nucleic acid-templated transcription,BP,8.34074219303997e-30,transcription by RNA polymerase II
Up,352,564,GO:0035295,3.57767033878407e-59,1,37,37,tube development,BP,3.14179244306159e-58,tube development
Up,412,624,GO:0035239,3.1742754902328e-46,1,29,29,tube morphogenesis,BP,2.53475233999472e-45,tube development
Up,481,693,GO:0060562,2.05436820726863e-35,1,22,22,epithelial tube morphogenesis,BP,1.46138244962471e-34,tube development
